spec_id,spec_type,view_stage,image_path,image_judge_status,keep,confidence,field_consistency_warning,generation_status,generation_error_short,target_visible_ok,helper_absent_ok,helper_visible_ok,target_absent_ok,forbidden_object_leakage,count_reasonable,camera_view_ok,scene_compatibility_ok,main_failure_reason,one_prompt_fix,judge_model,prompt_source,enrichment_model,judge_parse_error,judge_raw_response_short
agg_o0_000001,aggregate_transport_o0_target_visible_helper_absent,O0,/home/yurunze/peter_ws/m2g_learn/20260622Fourlegged_tool_aware/code/AHD-benchmark/data/generated_runs/ahd_cosmos3_raw240/images/o0/agg_o0_000001.jpg,semantic_keep,True,high,False,success,,yes,yes,not_applicable,not_applicable,no,yes,yes,yes,,,qwen3-vl:32b-instruct-q4_K_M,llm_enriched,qwen3-vl:30b-a3b-instruct-q4_K_M,,"{ ""keep"": true, ""confidence"": ""high"", ""spec_id"": ""agg_o0_000001"", ""spec_type"": ""aggregate_transport_o0_target_visible_helper_absent"", ""target_visible_ok"": ""yes"", ""helper_absent_ok"": ""yes"", ""helper_visible_ok"": ""not_applicable"", ""target_absent_ok"": ""not_applicable"", ""forbidden_object_leakage"": ""no"", ""count_reasonable"": ""yes"", ""camera_view_ok"": ""yes"", ""scene_compatibility_ok"": ""yes"", ""main_failure_reason"": """", ""one_prompt_fix"": """" }"
agg_o0_000002,aggregate_transport_o0_target_visible_helper_absent,O0,/home/yurunze/peter_ws/m2g_learn/20260622Fourlegged_tool_aware/code/AHD-benchmark/data/generated_runs/ahd_cosmos3_raw240/images/o0/agg_o0_000002.jpg,semantic_keep,True,high,False,success,,yes,yes,not_applicable,not_applicable,no,yes,yes,yes,,,qwen3-vl:32b-instruct-q4_K_M,llm_enriched,qwen3-vl:30b-a3b-instruct-q4_K_M,,"{ ""keep"": true, ""confidence"": ""high"", ""spec_id"": ""agg_o0_000002"", ""spec_type"": ""aggregate_transport_o0_target_visible_helper_absent"", ""target_visible_ok"": ""yes"", ""helper_absent_ok"": ""yes"", ""helper_visible_ok"": ""not_applicable"", ""target_absent_ok"": ""not_applicable"", ""forbidden_object_leakage"": ""no"", ""count_reasonable"": ""yes"", ""camera_view_ok"": ""yes"", ""scene_compatibility_ok"": ""yes"", ""main_failure_reason"": """", ""one_prompt_fix"": """" }"
agg_o0_000003,aggregate_transport_o0_target_visible_helper_absent,O0,/home/yurunze/peter_ws/m2g_learn/20260622Fourlegged_tool_aware/code/AHD-benchmark/data/generated_runs/ahd_cosmos3_raw240/images/o0/agg_o0_000003.jpg,semantic_keep,True,high,False,success,,yes,yes,not_applicable,not_applicable,no,yes,yes,yes,,,qwen3-vl:32b-instruct-q4_K_M,llm_enriched,qwen3-vl:30b-a3b-instruct-q4_K_M,,"{ ""keep"": true, ""confidence"": ""high"", ""spec_id"": ""agg_o0_000003"", ""spec_type"": ""aggregate_transport_o0_target_visible_helper_absent"", ""target_visible_ok"": ""yes"", ""helper_absent_ok"": ""yes"", ""helper_visible_ok"": ""not_applicable"", ""target_absent_ok"": ""not_applicable"", ""forbidden_object_leakage"": ""no"", ""count_reasonable"": ""yes"", ""camera_view_ok"": ""yes"", ""scene_compatibility_ok"": ""yes"", ""main_failure_reason"": """", ""one_prompt_fix"": """" }"
agg_o0_000004,aggregate_transport_o0_target_visible_helper_absent,O0,/home/yurunze/peter_ws/m2g_learn/20260622Fourlegged_tool_aware/code/AHD-benchmark/data/generated_runs/ahd_cosmos3_raw240/images/o0/agg_o0_000004.jpg,semantic_keep,True,high,False,success,,yes,yes,not_applicable,not_applicable,no,yes,yes,yes,,,qwen3-vl:32b-instruct-q4_K_M,llm_enriched,qwen3-vl:30b-a3b-instruct-q4_K_M,,"{ ""keep"": true, ""confidence"": ""high"", ""spec_id"": ""agg_o0_000004"", ""spec_type"": ""aggregate_transport_o0_target_visible_helper_absent"", ""target_visible_ok"": ""yes"", ""helper_absent_ok"": ""yes"", ""helper_visible_ok"": ""not_applicable"", ""target_absent_ok"": ""not_applicable"", ""forbidden_object_leakage"": ""no"", ""count_reasonable"": ""yes"", ""camera_view_ok"": ""yes"", ""scene_compatibility_ok"": ""yes"", ""main_failure_reason"": """", ""one_prompt_fix"": """" }"
agg_o0_000005,aggregate_transport_o0_target_visible_helper_absent,O0,/home/yurunze/peter_ws/m2g_learn/20260622Fourlegged_tool_aware/code/AHD-benchmark/data/generated_runs/ahd_cosmos3_raw240/images/o0/agg_o0_000005.jpg,semantic_keep,True,high,False,success,,yes,yes,not_applicable,not_applicable,no,yes,yes,yes,,,qwen3-vl:32b-instruct-q4_K_M,llm_enriched,qwen3-vl:30b-a3b-instruct-q4_K_M,,"{ ""keep"": true, ""confidence"": ""high"", ""spec_id"": ""agg_o0_000005"", ""spec_type"": ""aggregate_transport_o0_target_visible_helper_absent"", ""target_visible_ok"": ""yes"", ""helper_absent_ok"": ""yes"", ""helper_visible_ok"": ""not_applicable"", ""target_absent_ok"": ""not_applicable"", ""forbidden_object_leakage"": ""no"", ""count_reasonable"": ""yes"", ""camera_view_ok"": ""yes"", ""scene_compatibility_ok"": ""yes"", ""main_failure_reason"": """", ""one_prompt_fix"": """" }"
agg_o0_000006,aggregate_transport_o0_target_visible_helper_absent,O0,/home/yurunze/peter_ws/m2g_learn/20260622Fourlegged_tool_aware/code/AHD-benchmark/data/generated_runs/ahd_cosmos3_raw240/images/o0/agg_o0_000006.jpg,semantic_keep,True,high,False,success,,yes,yes,not_applicable,not_applicable,no,yes,yes,yes,,,qwen3-vl:32b-instruct-q4_K_M,llm_enriched,qwen3-vl:30b-a3b-instruct-q4_K_M,,"{ ""keep"": true, ""confidence"": ""high"", ""spec_id"": ""agg_o0_000006"", ""spec_type"": ""aggregate_transport_o0_target_visible_helper_absent"", ""target_visible_ok"": ""yes"", ""helper_absent_ok"": ""yes"", ""helper_visible_ok"": ""not_applicable"", ""target_absent_ok"": ""not_applicable"", ""forbidden_object_leakage"": ""no"", ""count_reasonable"": ""yes"", ""camera_view_ok"": ""yes"", ""scene_compatibility_ok"": ""yes"", ""main_failure_reason"": """", ""one_prompt_fix"": """" }"
agg_o0_000007,aggregate_transport_o0_target_visible_helper_absent,O0,/home/yurunze/peter_ws/m2g_learn/20260622Fourlegged_tool_aware/code/AHD-benchmark/data/generated_runs/ahd_cosmos3_raw240/images/o0/agg_o0_000007.jpg,semantic_keep,True,high,False,success,,yes,yes,not_applicable,not_applicable,no,yes,yes,yes,,,qwen3-vl:32b-instruct-q4_K_M,llm_enriched,qwen3-vl:30b-a3b-instruct-q4_K_M,,"{ ""keep"": true, ""confidence"": ""high"", ""spec_id"": ""agg_o0_000007"", ""spec_type"": ""aggregate_transport_o0_target_visible_helper_absent"", ""target_visible_ok"": ""yes"", ""helper_absent_ok"": ""yes"", ""helper_visible_ok"": ""not_applicable"", ""target_absent_ok"": ""not_applicable"", ""forbidden_object_leakage"": ""no"", ""count_reasonable"": ""yes"", ""camera_view_ok"": ""yes"", ""scene_compatibility_ok"": ""yes"", ""main_failure_reason"": """", ""one_prompt_fix"": """" }"
agg_o0_000008,aggregate_transport_o0_target_visible_helper_absent,O0,/home/yurunze/peter_ws/m2g_learn/20260622Fourlegged_tool_aware/code/AHD-benchmark/data/generated_runs/ahd_cosmos3_raw240/images/o0/agg_o0_000008.jpg,semantic_keep,True,high,False,success,,yes,yes,not_applicable,not_applicable,no,yes,yes,yes,,,qwen3-vl:32b-instruct-q4_K_M,llm_enriched,qwen3-vl:30b-a3b-instruct-q4_K_M,,"{ ""keep"": true, ""confidence"": ""high"", ""spec_id"": ""agg_o0_000008"", ""spec_type"": ""aggregate_transport_o0_target_visible_helper_absent"", ""target_visible_ok"": ""yes"", ""helper_absent_ok"": ""yes"", ""helper_visible_ok"": ""not_applicable"", ""target_absent_ok"": ""not_applicable"", ""forbidden_object_leakage"": ""no"", ""count_reasonable"": ""yes"", ""camera_view_ok"": ""yes"", ""scene_compatibility_ok"": ""yes"", ""main_failure_reason"": """", ""one_prompt_fix"": """" }"
agg_o0_000009,aggregate_transport_o0_target_visible_helper_absent,O0,/home/yurunze/peter_ws/m2g_learn/20260622Fourlegged_tool_aware/code/AHD-benchmark/data/generated_runs/ahd_cosmos3_raw240/images/o0/agg_o0_000009.jpg,semantic_keep,True,high,False,success,,yes,yes,not_applicable,not_applicable,no,yes,yes,yes,,,qwen3-vl:32b-instruct-q4_K_M,llm_enriched,qwen3-vl:30b-a3b-instruct-q4_K_M,,"{ ""keep"": true, ""confidence"": ""high"", ""spec_id"": ""agg_o0_000009"", ""spec_type"": ""aggregate_transport_o0_target_visible_helper_absent"", ""target_visible_ok"": ""yes"", ""helper_absent_ok"": ""yes"", ""helper_visible_ok"": ""not_applicable"", ""target_absent_ok"": ""not_applicable"", ""forbidden_object_leakage"": ""no"", ""count_reasonable"": ""yes"", ""camera_view_ok"": ""yes"", ""scene_compatibility_ok"": ""yes"", ""main_failure_reason"": """", ""one_prompt_fix"": """" }"
agg_o0_000010,aggregate_transport_o0_target_visible_helper_absent,O0,/home/yurunze/peter_ws/m2g_learn/20260622Fourlegged_tool_aware/code/AHD-benchmark/data/generated_runs/ahd_cosmos3_raw240/images/o0/agg_o0_000010.jpg,semantic_keep,True,high,False,success,,yes,yes,not_applicable,not_applicable,no,yes,yes,yes,,,qwen3-vl:32b-instruct-q4_K_M,llm_enriched,qwen3-vl:30b-a3b-instruct-q4_K_M,,"{ ""keep"": true, ""confidence"": ""high"", ""spec_id"": ""agg_o0_000010"", ""spec_type"": ""aggregate_transport_o0_target_visible_helper_absent"", ""target_visible_ok"": ""yes"", ""helper_absent_ok"": ""yes"", ""helper_visible_ok"": ""not_applicable"", ""target_absent_ok"": ""not_applicable"", ""forbidden_object_leakage"": ""no"", ""count_reasonable"": ""yes"", ""camera_view_ok"": ""yes"", ""scene_compatibility_ok"": ""yes"", ""main_failure_reason"": """", ""one_prompt_fix"": """" }"
agg_o0_000011,aggregate_transport_o0_target_visible_helper_absent,O0,/home/yurunze/peter_ws/m2g_learn/20260622Fourlegged_tool_aware/code/AHD-benchmark/data/generated_runs/ahd_cosmos3_raw240/images/o0/agg_o0_000011.jpg,semantic_keep,True,high,False,success,,yes,yes,not_applicable,not_applicable,no,yes,yes,yes,,,qwen3-vl:32b-instruct-q4_K_M,llm_enriched,qwen3-vl:30b-a3b-instruct-q4_K_M,,"{ ""keep"": true, ""confidence"": ""high"", ""spec_id"": ""agg_o0_000011"", ""spec_type"": ""aggregate_transport_o0_target_visible_helper_absent"", ""target_visible_ok"": ""yes"", ""helper_absent_ok"": ""yes"", ""helper_visible_ok"": ""not_applicable"", ""target_absent_ok"": ""not_applicable"", ""forbidden_object_leakage"": ""no"", ""count_reasonable"": ""yes"", ""camera_view_ok"": ""yes"", ""scene_compatibility_ok"": ""yes"", ""main_failure_reason"": """", ""one_prompt_fix"": """" }"
agg_o0_000012,aggregate_transport_o0_target_visible_helper_absent,O0,/home/yurunze/peter_ws/m2g_learn/20260622Fourlegged_tool_aware/code/AHD-benchmark/data/generated_runs/ahd_cosmos3_raw240/images/o0/agg_o0_000012.jpg,semantic_keep,True,high,False,success,,yes,yes,not_applicable,not_applicable,no,yes,yes,yes,,,qwen3-vl:32b-instruct-q4_K_M,llm_enriched,qwen3-vl:30b-a3b-instruct-q4_K_M,,"{ ""keep"": true, ""confidence"": ""high"", ""spec_id"": ""agg_o0_000012"", ""spec_type"": ""aggregate_transport_o0_target_visible_helper_absent"", ""target_visible_ok"": ""yes"", ""helper_absent_ok"": ""yes"", ""helper_visible_ok"": ""not_applicable"", ""target_absent_ok"": ""not_applicable"", ""forbidden_object_leakage"": ""no"", ""count_reasonable"": ""yes"", ""camera_view_ok"": ""yes"", ""scene_compatibility_ok"": ""yes"", ""main_failure_reason"": """", ""one_prompt_fix"": """" }"
agg_o0_000013,aggregate_transport_o0_target_visible_helper_absent,O0,/home/yurunze/peter_ws/m2g_learn/20260622Fourlegged_tool_aware/code/AHD-benchmark/data/generated_runs/ahd_cosmos3_raw240/images/o0/agg_o0_000013.jpg,semantic_keep,True,high,False,success,,yes,yes,not_applicable,not_applicable,no,yes,yes,yes,,,qwen3-vl:32b-instruct-q4_K_M,llm_enriched,qwen3-vl:30b-a3b-instruct-q4_K_M,,"{ ""keep"": true, ""confidence"": ""high"", ""spec_id"": ""agg_o0_000013"", ""spec_type"": ""aggregate_transport_o0_target_visible_helper_absent"", ""target_visible_ok"": ""yes"", ""helper_absent_ok"": ""yes"", ""helper_visible_ok"": ""not_applicable"", ""target_absent_ok"": ""not_applicable"", ""forbidden_object_leakage"": ""no"", ""count_reasonable"": ""yes"", ""camera_view_ok"": ""yes"", ""scene_compatibility_ok"": ""yes"", ""main_failure_reason"": """", ""one_prompt_fix"": """" }"
agg_o0_000014,aggregate_transport_o0_target_visible_helper_absent,O0,/home/yurunze/peter_ws/m2g_learn/20260622Fourlegged_tool_aware/code/AHD-benchmark/data/generated_runs/ahd_cosmos3_raw240/images/o0/agg_o0_000014.jpg,semantic_keep,True,high,False,success,,yes,yes,not_applicable,not_applicable,no,yes,yes,yes,,,qwen3-vl:32b-instruct-q4_K_M,llm_enriched,qwen3-vl:30b-a3b-instruct-q4_K_M,,"{ ""keep"": true, ""confidence"": ""high"", ""spec_id"": ""agg_o0_000014"", ""spec_type"": ""aggregate_transport_o0_target_visible_helper_absent"", ""target_visible_ok"": ""yes"", ""helper_absent_ok"": ""yes"", ""helper_visible_ok"": ""not_applicable"", ""target_absent_ok"": ""not_applicable"", ""forbidden_object_leakage"": ""no"", ""count_reasonable"": ""yes"", ""camera_view_ok"": ""yes"", ""scene_compatibility_ok"": ""yes"", ""main_failure_reason"": """", ""one_prompt_fix"": """" }"
agg_o0_000015,aggregate_transport_o0_target_visible_helper_absent,O0,/home/yurunze/peter_ws/m2g_learn/20260622Fourlegged_tool_aware/code/AHD-benchmark/data/generated_runs/ahd_cosmos3_raw240/images/o0/agg_o0_000015.jpg,semantic_keep,True,high,False,success,,yes,yes,not_applicable,not_applicable,no,yes,yes,yes,,,qwen3-vl:32b-instruct-q4_K_M,llm_enriched,qwen3-vl:30b-a3b-instruct-q4_K_M,,"{ ""keep"": true, ""confidence"": ""high"", ""spec_id"": ""agg_o0_000015"", ""spec_type"": ""aggregate_transport_o0_target_visible_helper_absent"", ""target_visible_ok"": ""yes"", ""helper_absent_ok"": ""yes"", ""helper_visible_ok"": ""not_applicable"", ""target_absent_ok"": ""not_applicable"", ""forbidden_object_leakage"": ""no"", ""count_reasonable"": ""yes"", ""camera_view_ok"": ""yes"", ""scene_compatibility_ok"": ""yes"", ""main_failure_reason"": """", ""one_prompt_fix"": """" }"
agg_o0_000016,aggregate_transport_o0_target_visible_helper_absent,O0,/home/yurunze/peter_ws/m2g_learn/20260622Fourlegged_tool_aware/code/AHD-benchmark/data/generated_runs/ahd_cosmos3_raw240/images/o0/agg_o0_000016.jpg,semantic_keep,True,high,False,success,,yes,yes,not_applicable,not_applicable,no,yes,yes,yes,,,qwen3-vl:32b-instruct-q4_K_M,llm_enriched,qwen3-vl:30b-a3b-instruct-q4_K_M,,"{ ""keep"": true, ""confidence"": ""high"", ""spec_id"": ""agg_o0_000016"", ""spec_type"": ""aggregate_transport_o0_target_visible_helper_absent"", ""target_visible_ok"": ""yes"", ""helper_absent_ok"": ""yes"", ""helper_visible_ok"": ""not_applicable"", ""target_absent_ok"": ""not_applicable"", ""forbidden_object_leakage"": ""no"", ""count_reasonable"": ""yes"", ""camera_view_ok"": ""yes"", ""scene_compatibility_ok"": ""yes"", ""main_failure_reason"": """", ""one_prompt_fix"": """" }"
agg_o0_000017,aggregate_transport_o0_target_visible_helper_absent,O0,/home/yurunze/peter_ws/m2g_learn/20260622Fourlegged_tool_aware/code/AHD-benchmark/data/generated_runs/ahd_cosmos3_raw240/images/o0/agg_o0_000017.jpg,semantic_keep,True,high,False,success,,yes,yes,not_applicable,not_applicable,no,yes,yes,yes,,,qwen3-vl:32b-instruct-q4_K_M,llm_enriched,qwen3-vl:30b-a3b-instruct-q4_K_M,,"{ ""keep"": true, ""confidence"": ""high"", ""spec_id"": ""agg_o0_000017"", ""spec_type"": ""aggregate_transport_o0_target_visible_helper_absent"", ""target_visible_ok"": ""yes"", ""helper_absent_ok"": ""yes"", ""helper_visible_ok"": ""not_applicable"", ""target_absent_ok"": ""not_applicable"", ""forbidden_object_leakage"": ""no"", ""count_reasonable"": ""yes"", ""camera_view_ok"": ""yes"", ""scene_compatibility_ok"": ""yes"", ""main_failure_reason"": """", ""one_prompt_fix"": """" }"
agg_o0_000018,aggregate_transport_o0_target_visible_helper_absent,O0,/home/yurunze/peter_ws/m2g_learn/20260622Fourlegged_tool_aware/code/AHD-benchmark/data/generated_runs/ahd_cosmos3_raw240/images/o0/agg_o0_000018.jpg,generation_failed,False,low,False,failed,"torch.OutOfMemoryError: CUDA out of memory. Tried to allocate 450.00 MiB. GPU 0 has a total capacity of 47.41 GiB of which 316.38 MiB is free. Process 688703 has 14.91 GiB memory in use. Including non-PyTorch memory, this process has 32.17 GiB memory in use. Of the allocated memory 31.70 GiB is a...",uncertain,uncertain,not_applicable,not_applicable,uncertain,uncertain,uncertain,uncertain,"recompute_scale_factor=self.recompute_scale_factor, ^^^^^^^^^^^^^^^^^^^^^^^^^^^^^^^^^^^^^^^^^^^^^^^^^^^ ) ^ File ""/data0/yurunze/conda_envs/codex_cosmos/lib/python3.13/site-packages/torch/nn/functional.py"", line 4822, in interpolate return torch._C._nn._upsample_nearest_exact2d(input, output_size...",Rerun this generation row after freeing GPU memory or moving Cosmos3 to an available GPU.,qwen3-vl:32b-instruct-q4_K_M,llm_enriched,qwen3-vl:30b-a3b-instruct-q4_K_M,,
agg_o0_000019,aggregate_transport_o0_target_visible_helper_absent,O0,/home/yurunze/peter_ws/m2g_learn/20260622Fourlegged_tool_aware/code/AHD-benchmark/data/generated_runs/ahd_cosmos3_raw240/images/o0/agg_o0_000019.jpg,semantic_keep,True,high,False,success,,yes,yes,not_applicable,not_applicable,no,yes,yes,yes,,,qwen3-vl:32b-instruct-q4_K_M,llm_enriched,qwen3-vl:30b-a3b-instruct-q4_K_M,,"{ ""keep"": true, ""confidence"": ""high"", ""spec_id"": ""agg_o0_000019"", ""spec_type"": ""aggregate_transport_o0_target_visible_helper_absent"", ""target_visible_ok"": ""yes"", ""helper_absent_ok"": ""yes"", ""helper_visible_ok"": ""not_applicable"", ""target_absent_ok"": ""not_applicable"", ""forbidden_object_leakage"": ""no"", ""count_reasonable"": ""yes"", ""camera_view_ok"": ""yes"", ""scene_compatibility_ok"": ""yes"", ""main_failure_reason"": """", ""one_prompt_fix"": """" }"
agg_o0_000020,aggregate_transport_o0_target_visible_helper_absent,O0,/home/yurunze/peter_ws/m2g_learn/20260622Fourlegged_tool_aware/code/AHD-benchmark/data/generated_runs/ahd_cosmos3_raw240/images/o0/agg_o0_000020.jpg,semantic_keep,True,high,False,success,,yes,yes,not_applicable,not_applicable,no,yes,yes,yes,,,qwen3-vl:32b-instruct-q4_K_M,llm_enriched,qwen3-vl:30b-a3b-instruct-q4_K_M,,"{ ""keep"": true, ""confidence"": ""high"", ""spec_id"": ""agg_o0_000020"", ""spec_type"": ""aggregate_transport_o0_target_visible_helper_absent"", ""target_visible_ok"": ""yes"", ""helper_absent_ok"": ""yes"", ""helper_visible_ok"": ""not_applicable"", ""target_absent_ok"": ""not_applicable"", ""forbidden_object_leakage"": ""no"", ""count_reasonable"": ""yes"", ""camera_view_ok"": ""yes"", ""scene_compatibility_ok"": ""yes"", ""main_failure_reason"": """", ""one_prompt_fix"": """" }"
agg_o0_000021,aggregate_transport_o0_target_visible_helper_absent,O0,/home/yurunze/peter_ws/m2g_learn/20260622Fourlegged_tool_aware/code/AHD-benchmark/data/generated_runs/ahd_cosmos3_raw240/images/o0/agg_o0_000021.jpg,semantic_keep,True,high,False,success,,yes,yes,not_applicable,not_applicable,no,yes,yes,yes,,,qwen3-vl:32b-instruct-q4_K_M,llm_enriched,qwen3-vl:30b-a3b-instruct-q4_K_M,,"{ ""keep"": true, ""confidence"": ""high"", ""spec_id"": ""agg_o0_000021"", ""spec_type"": ""aggregate_transport_o0_target_visible_helper_absent"", ""target_visible_ok"": ""yes"", ""helper_absent_ok"": ""yes"", ""helper_visible_ok"": ""not_applicable"", ""target_absent_ok"": ""not_applicable"", ""forbidden_object_leakage"": ""no"", ""count_reasonable"": ""yes"", ""camera_view_ok"": ""yes"", ""scene_compatibility_ok"": ""yes"", ""main_failure_reason"": """", ""one_prompt_fix"": """" }"
agg_o0_000022,aggregate_transport_o0_target_visible_helper_absent,O0,/home/yurunze/peter_ws/m2g_learn/20260622Fourlegged_tool_aware/code/AHD-benchmark/data/generated_runs/ahd_cosmos3_raw240/images/o0/agg_o0_000022.jpg,semantic_keep,True,high,False,success,,yes,yes,not_applicable,not_applicable,no,yes,yes,yes,,,qwen3-vl:32b-instruct-q4_K_M,llm_enriched,qwen3-vl:30b-a3b-instruct-q4_K_M,,"{ ""keep"": true, ""confidence"": ""high"", ""spec_id"": ""agg_o0_000022"", ""spec_type"": ""aggregate_transport_o0_target_visible_helper_absent"", ""target_visible_ok"": ""yes"", ""helper_absent_ok"": ""yes"", ""helper_visible_ok"": ""not_applicable"", ""target_absent_ok"": ""not_applicable"", ""forbidden_object_leakage"": ""no"", ""count_reasonable"": ""yes"", ""camera_view_ok"": ""yes"", ""scene_compatibility_ok"": ""yes"", ""main_failure_reason"": """", ""one_prompt_fix"": """" }"
agg_o0_000023,aggregate_transport_o0_target_visible_helper_absent,O0,/home/yurunze/peter_ws/m2g_learn/20260622Fourlegged_tool_aware/code/AHD-benchmark/data/generated_runs/ahd_cosmos3_raw240/images/o0/agg_o0_000023.jpg,semantic_keep,True,high,False,success,,yes,yes,not_applicable,not_applicable,no,yes,yes,yes,,,qwen3-vl:32b-instruct-q4_K_M,llm_enriched,qwen3-vl:30b-a3b-instruct-q4_K_M,,"{ ""keep"": true, ""confidence"": ""high"", ""spec_id"": ""agg_o0_000023"", ""spec_type"": ""aggregate_transport_o0_target_visible_helper_absent"", ""target_visible_ok"": ""yes"", ""helper_absent_ok"": ""yes"", ""helper_visible_ok"": ""not_applicable"", ""target_absent_ok"": ""not_applicable"", ""forbidden_object_leakage"": ""no"", ""count_reasonable"": ""yes"", ""camera_view_ok"": ""yes"", ""scene_compatibility_ok"": ""yes"", ""main_failure_reason"": """", ""one_prompt_fix"": """" }"
agg_o0_000024,aggregate_transport_o0_target_visible_helper_absent,O0,/home/yurunze/peter_ws/m2g_learn/20260622Fourlegged_tool_aware/code/AHD-benchmark/data/generated_runs/ahd_cosmos3_raw240/images/o0/agg_o0_000024.jpg,semantic_keep,True,high,False,success,,yes,yes,not_applicable,not_applicable,no,yes,yes,yes,,,qwen3-vl:32b-instruct-q4_K_M,llm_enriched,qwen3-vl:30b-a3b-instruct-q4_K_M,,"{ ""keep"": true, ""confidence"": ""high"", ""spec_id"": ""agg_o0_000024"", ""spec_type"": ""aggregate_transport_o0_target_visible_helper_absent"", ""target_visible_ok"": ""yes"", ""helper_absent_ok"": ""yes"", ""helper_visible_ok"": ""not_applicable"", ""target_absent_ok"": ""not_applicable"", ""forbidden_object_leakage"": ""no"", ""count_reasonable"": ""yes"", ""camera_view_ok"": ""yes"", ""scene_compatibility_ok"": ""yes"", ""main_failure_reason"": """", ""one_prompt_fix"": """" }"
agg_o0_000025,aggregate_transport_o0_target_visible_helper_absent,O0,/home/yurunze/peter_ws/m2g_learn/20260622Fourlegged_tool_aware/code/AHD-benchmark/data/generated_runs/ahd_cosmos3_raw240/images/o0/agg_o0_000025.jpg,semantic_keep,True,high,False,success,,yes,yes,not_applicable,not_applicable,no,yes,yes,yes,,,qwen3-vl:32b-instruct-q4_K_M,llm_enriched,qwen3-vl:30b-a3b-instruct-q4_K_M,,"{ ""keep"": true, ""confidence"": ""high"", ""spec_id"": ""agg_o0_000025"", ""spec_type"": ""aggregate_transport_o0_target_visible_helper_absent"", ""target_visible_ok"": ""yes"", ""helper_absent_ok"": ""yes"", ""helper_visible_ok"": ""not_applicable"", ""target_absent_ok"": ""not_applicable"", ""forbidden_object_leakage"": ""no"", ""count_reasonable"": ""yes"", ""camera_view_ok"": ""yes"", ""scene_compatibility_ok"": ""yes"", ""main_failure_reason"": """", ""one_prompt_fix"": """" }"
agg_o0_000026,aggregate_transport_o0_target_visible_helper_absent,O0,/home/yurunze/peter_ws/m2g_learn/20260622Fourlegged_tool_aware/code/AHD-benchmark/data/generated_runs/ahd_cosmos3_raw240/images/o0/agg_o0_000026.jpg,semantic_keep,True,high,False,success,,yes,yes,not_applicable,not_applicable,no,yes,yes,yes,,,qwen3-vl:32b-instruct-q4_K_M,llm_enriched,qwen3-vl:30b-a3b-instruct-q4_K_M,,"{ ""keep"": true, ""confidence"": ""high"", ""spec_id"": ""agg_o0_000026"", ""spec_type"": ""aggregate_transport_o0_target_visible_helper_absent"", ""target_visible_ok"": ""yes"", ""helper_absent_ok"": ""yes"", ""helper_visible_ok"": ""not_applicable"", ""target_absent_ok"": ""not_applicable"", ""forbidden_object_leakage"": ""no"", ""count_reasonable"": ""yes"", ""camera_view_ok"": ""yes"", ""scene_compatibility_ok"": ""yes"", ""main_failure_reason"": """", ""one_prompt_fix"": """" }"
agg_o0_000027,aggregate_transport_o0_target_visible_helper_absent,O0,/home/yurunze/peter_ws/m2g_learn/20260622Fourlegged_tool_aware/code/AHD-benchmark/data/generated_runs/ahd_cosmos3_raw240/images/o0/agg_o0_000027.jpg,semantic_keep,True,high,False,success,,yes,yes,not_applicable,not_applicable,no,yes,yes,yes,,,qwen3-vl:32b-instruct-q4_K_M,llm_enriched,qwen3-vl:30b-a3b-instruct-q4_K_M,,"{ ""keep"": true, ""confidence"": ""high"", ""spec_id"": ""agg_o0_000027"", ""spec_type"": ""aggregate_transport_o0_target_visible_helper_absent"", ""target_visible_ok"": ""yes"", ""helper_absent_ok"": ""yes"", ""helper_visible_ok"": ""not_applicable"", ""target_absent_ok"": ""not_applicable"", ""forbidden_object_leakage"": ""no"", ""count_reasonable"": ""yes"", ""camera_view_ok"": ""yes"", ""scene_compatibility_ok"": ""yes"", ""main_failure_reason"": """", ""one_prompt_fix"": """" }"
agg_o0_000028,aggregate_transport_o0_target_visible_helper_absent,O0,/home/yurunze/peter_ws/m2g_learn/20260622Fourlegged_tool_aware/code/AHD-benchmark/data/generated_runs/ahd_cosmos3_raw240/images/o0/agg_o0_000028.jpg,semantic_keep,True,high,False,success,,yes,yes,not_applicable,not_applicable,no,yes,yes,yes,,,qwen3-vl:32b-instruct-q4_K_M,llm_enriched,qwen3-vl:30b-a3b-instruct-q4_K_M,,"{ ""keep"": true, ""confidence"": ""high"", ""spec_id"": ""agg_o0_000028"", ""spec_type"": ""aggregate_transport_o0_target_visible_helper_absent"", ""target_visible_ok"": ""yes"", ""helper_absent_ok"": ""yes"", ""helper_visible_ok"": ""not_applicable"", ""target_absent_ok"": ""not_applicable"", ""forbidden_object_leakage"": ""no"", ""count_reasonable"": ""yes"", ""camera_view_ok"": ""yes"", ""scene_compatibility_ok"": ""yes"", ""main_failure_reason"": """", ""one_prompt_fix"": """" }"
agg_o0_000029,aggregate_transport_o0_target_visible_helper_absent,O0,/home/yurunze/peter_ws/m2g_learn/20260622Fourlegged_tool_aware/code/AHD-benchmark/data/generated_runs/ahd_cosmos3_raw240/images/o0/agg_o0_000029.jpg,semantic_keep,True,high,False,success,,yes,yes,not_applicable,not_applicable,no,yes,yes,yes,,,qwen3-vl:32b-instruct-q4_K_M,llm_enriched,qwen3-vl:30b-a3b-instruct-q4_K_M,,"{ ""keep"": true, ""confidence"": ""high"", ""spec_id"": ""agg_o0_000029"", ""spec_type"": ""aggregate_transport_o0_target_visible_helper_absent"", ""target_visible_ok"": ""yes"", ""helper_absent_ok"": ""yes"", ""helper_visible_ok"": ""not_applicable"", ""target_absent_ok"": ""not_applicable"", ""forbidden_object_leakage"": ""no"", ""count_reasonable"": ""yes"", ""camera_view_ok"": ""yes"", ""scene_compatibility_ok"": ""yes"", ""main_failure_reason"": """", ""one_prompt_fix"": """" }"
agg_o0_000030,aggregate_transport_o0_target_visible_helper_absent,O0,/home/yurunze/peter_ws/m2g_learn/20260622Fourlegged_tool_aware/code/AHD-benchmark/data/generated_runs/ahd_cosmos3_raw240/images/o0/agg_o0_000030.jpg,semantic_keep,True,high,False,success,,yes,yes,not_applicable,not_applicable,no,yes,yes,yes,,,qwen3-vl:32b-instruct-q4_K_M,llm_enriched,qwen3-vl:30b-a3b-instruct-q4_K_M,,"{ ""keep"": true, ""confidence"": ""high"", ""spec_id"": ""agg_o0_000030"", ""spec_type"": ""aggregate_transport_o0_target_visible_helper_absent"", ""target_visible_ok"": ""yes"", ""helper_absent_ok"": ""yes"", ""helper_visible_ok"": ""not_applicable"", ""target_absent_ok"": ""not_applicable"", ""forbidden_object_leakage"": ""no"", ""count_reasonable"": ""yes"", ""camera_view_ok"": ""yes"", ""scene_compatibility_ok"": ""yes"", ""main_failure_reason"": """", ""one_prompt_fix"": """" }"
agg_o0_000031,aggregate_transport_o0_target_visible_helper_absent,O0,/home/yurunze/peter_ws/m2g_learn/20260622Fourlegged_tool_aware/code/AHD-benchmark/data/generated_runs/ahd_cosmos3_raw240/images/o0/agg_o0_000031.jpg,semantic_keep,True,high,False,success,,yes,yes,not_applicable,not_applicable,no,yes,yes,yes,,,qwen3-vl:32b-instruct-q4_K_M,llm_enriched,qwen3-vl:30b-a3b-instruct-q4_K_M,,"{ ""keep"": true, ""confidence"": ""high"", ""spec_id"": ""agg_o0_000031"", ""spec_type"": ""aggregate_transport_o0_target_visible_helper_absent"", ""target_visible_ok"": ""yes"", ""helper_absent_ok"": ""yes"", ""helper_visible_ok"": ""not_applicable"", ""target_absent_ok"": ""not_applicable"", ""forbidden_object_leakage"": ""no"", ""count_reasonable"": ""yes"", ""camera_view_ok"": ""yes"", ""scene_compatibility_ok"": ""yes"", ""main_failure_reason"": """", ""one_prompt_fix"": """" }"
agg_o0_000032,aggregate_transport_o0_target_visible_helper_absent,O0,/home/yurunze/peter_ws/m2g_learn/20260622Fourlegged_tool_aware/code/AHD-benchmark/data/generated_runs/ahd_cosmos3_raw240/images/o0/agg_o0_000032.jpg,semantic_keep,True,high,False,success,,yes,yes,not_applicable,not_applicable,no,yes,yes,yes,,,qwen3-vl:32b-instruct-q4_K_M,llm_enriched,qwen3-vl:30b-a3b-instruct-q4_K_M,,"{ ""keep"": true, ""confidence"": ""high"", ""spec_id"": ""agg_o0_000032"", ""spec_type"": ""aggregate_transport_o0_target_visible_helper_absent"", ""target_visible_ok"": ""yes"", ""helper_absent_ok"": ""yes"", ""helper_visible_ok"": ""not_applicable"", ""target_absent_ok"": ""not_applicable"", ""forbidden_object_leakage"": ""no"", ""count_reasonable"": ""yes"", ""camera_view_ok"": ""yes"", ""scene_compatibility_ok"": ""yes"", ""main_failure_reason"": """", ""one_prompt_fix"": """" }"
agg_o0_000033,aggregate_transport_o0_target_visible_helper_absent,O0,/home/yurunze/peter_ws/m2g_learn/20260622Fourlegged_tool_aware/code/AHD-benchmark/data/generated_runs/ahd_cosmos3_raw240/images/o0/agg_o0_000033.jpg,semantic_keep,True,high,False,success,,yes,yes,not_applicable,not_applicable,no,yes,yes,yes,,,qwen3-vl:32b-instruct-q4_K_M,llm_enriched,qwen3-vl:30b-a3b-instruct-q4_K_M,,"{ ""keep"": true, ""confidence"": ""high"", ""spec_id"": ""agg_o0_000033"", ""spec_type"": ""aggregate_transport_o0_target_visible_helper_absent"", ""target_visible_ok"": ""yes"", ""helper_absent_ok"": ""yes"", ""helper_visible_ok"": ""not_applicable"", ""target_absent_ok"": ""not_applicable"", ""forbidden_object_leakage"": ""no"", ""count_reasonable"": ""yes"", ""camera_view_ok"": ""yes"", ""scene_compatibility_ok"": ""yes"", ""main_failure_reason"": """", ""one_prompt_fix"": """" }"
agg_o0_000034,aggregate_transport_o0_target_visible_helper_absent,O0,/home/yurunze/peter_ws/m2g_learn/20260622Fourlegged_tool_aware/code/AHD-benchmark/data/generated_runs/ahd_cosmos3_raw240/images/o0/agg_o0_000034.jpg,semantic_keep,True,high,False,success,,yes,yes,not_applicable,not_applicable,no,yes,yes,yes,,,qwen3-vl:32b-instruct-q4_K_M,llm_enriched,qwen3-vl:30b-a3b-instruct-q4_K_M,,"{ ""keep"": true, ""confidence"": ""high"", ""spec_id"": ""agg_o0_000034"", ""spec_type"": ""aggregate_transport_o0_target_visible_helper_absent"", ""target_visible_ok"": ""yes"", ""helper_absent_ok"": ""yes"", ""helper_visible_ok"": ""not_applicable"", ""target_absent_ok"": ""not_applicable"", ""forbidden_object_leakage"": ""no"", ""count_reasonable"": ""yes"", ""camera_view_ok"": ""yes"", ""scene_compatibility_ok"": ""yes"", ""main_failure_reason"": """", ""one_prompt_fix"": """" }"
agg_o0_000035,aggregate_transport_o0_target_visible_helper_absent,O0,/home/yurunze/peter_ws/m2g_learn/20260622Fourlegged_tool_aware/code/AHD-benchmark/data/generated_runs/ahd_cosmos3_raw240/images/o0/agg_o0_000035.jpg,semantic_keep,True,high,False,success,,yes,yes,not_applicable,not_applicable,no,yes,yes,yes,,,qwen3-vl:32b-instruct-q4_K_M,llm_enriched,qwen3-vl:30b-a3b-instruct-q4_K_M,,"{ ""keep"": true, ""confidence"": ""high"", ""spec_id"": ""agg_o0_000035"", ""spec_type"": ""aggregate_transport_o0_target_visible_helper_absent"", ""target_visible_ok"": ""yes"", ""helper_absent_ok"": ""yes"", ""helper_visible_ok"": ""not_applicable"", ""target_absent_ok"": ""not_applicable"", ""forbidden_object_leakage"": ""no"", ""count_reasonable"": ""yes"", ""camera_view_ok"": ""yes"", ""scene_compatibility_ok"": ""yes"", ""main_failure_reason"": """", ""one_prompt_fix"": """" }"
agg_o0_000036,aggregate_transport_o0_target_visible_helper_absent,O0,/home/yurunze/peter_ws/m2g_learn/20260622Fourlegged_tool_aware/code/AHD-benchmark/data/generated_runs/ahd_cosmos3_raw240/images/o0/agg_o0_000036.jpg,semantic_keep,True,high,False,success,,yes,yes,not_applicable,not_applicable,no,yes,yes,yes,,,qwen3-vl:32b-instruct-q4_K_M,llm_enriched,qwen3-vl:30b-a3b-instruct-q4_K_M,,"{ ""keep"": true, ""confidence"": ""high"", ""spec_id"": ""agg_o0_000036"", ""spec_type"": ""aggregate_transport_o0_target_visible_helper_absent"", ""target_visible_ok"": ""yes"", ""helper_absent_ok"": ""yes"", ""helper_visible_ok"": ""not_applicable"", ""target_absent_ok"": ""not_applicable"", ""forbidden_object_leakage"": ""no"", ""count_reasonable"": ""yes"", ""camera_view_ok"": ""yes"", ""scene_compatibility_ok"": ""yes"", ""main_failure_reason"": """", ""one_prompt_fix"": """" }"
agg_o0_000037,aggregate_transport_o0_target_visible_helper_absent,O0,/home/yurunze/peter_ws/m2g_learn/20260622Fourlegged_tool_aware/code/AHD-benchmark/data/generated_runs/ahd_cosmos3_raw240/images/o0/agg_o0_000037.jpg,semantic_keep,True,high,False,success,,yes,yes,not_applicable,not_applicable,no,yes,yes,yes,,,qwen3-vl:32b-instruct-q4_K_M,llm_enriched,qwen3-vl:30b-a3b-instruct-q4_K_M,,"{ ""keep"": true, ""confidence"": ""high"", ""spec_id"": ""agg_o0_000037"", ""spec_type"": ""aggregate_transport_o0_target_visible_helper_absent"", ""target_visible_ok"": ""yes"", ""helper_absent_ok"": ""yes"", ""helper_visible_ok"": ""not_applicable"", ""target_absent_ok"": ""not_applicable"", ""forbidden_object_leakage"": ""no"", ""count_reasonable"": ""yes"", ""camera_view_ok"": ""yes"", ""scene_compatibility_ok"": ""yes"", ""main_failure_reason"": """", ""one_prompt_fix"": """" }"
agg_o0_000038,aggregate_transport_o0_target_visible_helper_absent,O0,/home/yurunze/peter_ws/m2g_learn/20260622Fourlegged_tool_aware/code/AHD-benchmark/data/generated_runs/ahd_cosmos3_raw240/images/o0/agg_o0_000038.jpg,semantic_reject,False,high,False,success,,yes,no,not_applicable,not_applicable,yes,yes,uncertain,yes,"The image contains toy blocks on the counter and windowsill, which are distractors explicitly forbidden in the negative prompt. Additionally, while no container is visible, the presence of these non-target objects violates the requirement to avoid 'toy block distractors' as specified in the manif...",Strengthen the negative prompt to exclude toy blocks and any other non-relevant small objects from the kitchen counter and windowsill.,qwen3-vl:32b-instruct-q4_K_M,llm_enriched,qwen3-vl:30b-a3b-instruct-q4_K_M,,"{ ""keep"": false, ""confidence"": ""high"", ""spec_id"": ""agg_o0_000038"", ""spec_type"": ""aggregate_transport_o0_target_visible_helper_absent"", ""target_visible_ok"": ""yes"", ""helper_absent_ok"": ""no"", ""helper_visible_ok"": ""not_applicable"", ""target_absent_ok"": ""not_applicable"", ""forbidden_object_leakage"": ""yes"", ""count_reasonable"": ""yes"", ""camera_view_ok"": ""uncertain"", ""scene_compatibility_ok"": ""yes"", ""main_failure_reason"": ""The image contains toy blocks on the counter and windowsill, which are distractor..."
agg_o0_000039,aggregate_transport_o0_target_visible_helper_absent,O0,/home/yurunze/peter_ws/m2g_learn/20260622Fourlegged_tool_aware/code/AHD-benchmark/data/generated_runs/ahd_cosmos3_raw240/images/o0/agg_o0_000039.jpg,semantic_keep,True,high,False,success,,yes,yes,not_applicable,not_applicable,no,yes,yes,yes,,,qwen3-vl:32b-instruct-q4_K_M,llm_enriched,qwen3-vl:30b-a3b-instruct-q4_K_M,,"{ ""keep"": true, ""confidence"": ""high"", ""spec_id"": ""agg_o0_000039"", ""spec_type"": ""aggregate_transport_o0_target_visible_helper_absent"", ""target_visible_ok"": ""yes"", ""helper_absent_ok"": ""yes"", ""helper_visible_ok"": ""not_applicable"", ""target_absent_ok"": ""not_applicable"", ""forbidden_object_leakage"": ""no"", ""count_reasonable"": ""yes"", ""camera_view_ok"": ""yes"", ""scene_compatibility_ok"": ""yes"", ""main_failure_reason"": """", ""one_prompt_fix"": """" }"
agg_o0_000040,aggregate_transport_o0_target_visible_helper_absent,O0,/home/yurunze/peter_ws/m2g_learn/20260622Fourlegged_tool_aware/code/AHD-benchmark/data/generated_runs/ahd_cosmos3_raw240/images/o0/agg_o0_000040.jpg,semantic_keep,True,high,False,success,,yes,yes,not_applicable,not_applicable,no,yes,yes,yes,,,qwen3-vl:32b-instruct-q4_K_M,llm_enriched,qwen3-vl:30b-a3b-instruct-q4_K_M,,"{ ""keep"": true, ""confidence"": ""high"", ""spec_id"": ""agg_o0_000040"", ""spec_type"": ""aggregate_transport_o0_target_visible_helper_absent"", ""target_visible_ok"": ""yes"", ""helper_absent_ok"": ""yes"", ""helper_visible_ok"": ""not_applicable"", ""target_absent_ok"": ""not_applicable"", ""forbidden_object_leakage"": ""no"", ""count_reasonable"": ""yes"", ""camera_view_ok"": ""yes"", ""scene_compatibility_ok"": ""yes"", ""main_failure_reason"": """", ""one_prompt_fix"": """" }"
container_o1_000001,container_helper_o1_target_absent,O1,/home/yurunze/peter_ws/m2g_learn/20260622Fourlegged_tool_aware/code/AHD-benchmark/data/generated_runs/ahd_cosmos3_raw240/images/o1/container_o1_000001.jpg,semantic_keep,True,high,True,success,,not_applicable,not_applicable,yes,yes,no,not_applicable,yes,yes,,,qwen3-vl:32b-instruct-q4_K_M,llm_enriched,qwen3-vl:30b-a3b-instruct-q4_K_M,,"{ ""keep"": true, ""confidence"": ""high"", ""spec_id"": ""container_o1_000001"", ""spec_type"": ""container_helper_o1_target_absent"", ""target_visible_ok"": ""not_applicable"", ""helper_absent_ok"": ""no"", ""helper_visible_ok"": ""yes"", ""target_absent_ok"": ""yes"", ""forbidden_object_leakage"": ""no"", ""count_reasonable"": ""not_applicable"", ""camera_view_ok"": ""yes"", ""scene_compatibility_ok"": ""yes"", ""main_failure_reason"": """", ""one_prompt_fix"": """" }"
container_o1_000002,container_helper_o1_target_absent,O1,/home/yurunze/peter_ws/m2g_learn/20260622Fourlegged_tool_aware/code/AHD-benchmark/data/generated_runs/ahd_cosmos3_raw240/images/o1/container_o1_000002.jpg,semantic_keep,True,high,True,success,,not_applicable,not_applicable,yes,yes,no,not_applicable,yes,yes,,,qwen3-vl:32b-instruct-q4_K_M,llm_enriched,qwen3-vl:30b-a3b-instruct-q4_K_M,,"{ ""keep"": true, ""confidence"": ""high"", ""spec_id"": ""container_o1_000002"", ""spec_type"": ""container_helper_o1_target_absent"", ""target_visible_ok"": ""not_applicable"", ""helper_absent_ok"": ""no"", ""helper_visible_ok"": ""yes"", ""target_absent_ok"": ""yes"", ""forbidden_object_leakage"": ""no"", ""count_reasonable"": ""not_applicable"", ""camera_view_ok"": ""yes"", ""scene_compatibility_ok"": ""yes"", ""main_failure_reason"": ""The helper (empty tray) is visible and salient, but the specification requires helper_absent_ok=yes i..."
container_o1_000003,container_helper_o1_target_absent,O1,/home/yurunze/peter_ws/m2g_learn/20260622Fourlegged_tool_aware/code/AHD-benchmark/data/generated_runs/ahd_cosmos3_raw240/images/o1/container_o1_000003.jpg,semantic_reject,False,high,True,success,,no,not_applicable,yes,yes,yes,not_applicable,uncertain,uncertain,"The image contains a mug and other objects that are not the intended target (bottles/cans/remote/small ball), which violates the requirement for target absence or non-salience. Additionally, while an empty tray is visible (a container helper), it is not salient enough to be considered clearly usa...","Strengthen the negative prompt to exclude mugs and other non-target objects, ensuring only the intended container helper is salient while targets are absent or non-salient.",qwen3-vl:32b-instruct-q4_K_M,llm_enriched,qwen3-vl:30b-a3b-instruct-q4_K_M,,"{ ""keep"": false, ""confidence"": ""high"", ""spec_id"": ""container_o1_000003"", ""spec_type"": ""container_helper_o1_target_absent"", ""target_visible_ok"": ""no"", ""helper_absent_ok"": ""no"", ""helper_visible_ok"": ""yes"", ""target_absent_ok"": ""yes"", ""forbidden_object_leakage"": ""yes"", ""count_reasonable"": ""not_applicable"", ""camera_view_ok"": ""uncertain"", ""scene_compatibility_ok"": ""uncertain"", ""main_failure_reason"": ""The image contains a mug and other objects that are not the intended target (bottles/cans/remote/sm..."
container_o1_000004,container_helper_o1_target_absent,O1,/home/yurunze/peter_ws/m2g_learn/20260622Fourlegged_tool_aware/code/AHD-benchmark/data/generated_runs/ahd_cosmos3_raw240/images/o1/container_o1_000004.jpg,semantic_keep,True,high,True,success,,not_applicable,not_applicable,yes,yes,no,not_applicable,yes,yes,,,qwen3-vl:32b-instruct-q4_K_M,llm_enriched,qwen3-vl:30b-a3b-instruct-q4_K_M,,"{ ""keep"": true, ""confidence"": ""high"", ""spec_id"": ""container_o1_000004"", ""spec_type"": ""container_helper_o1_target_absent"", ""target_visible_ok"": ""not_applicable"", ""helper_absent_ok"": ""no"", ""helper_visible_ok"": ""yes"", ""target_absent_ok"": ""yes"", ""forbidden_object_leakage"": ""no"", ""count_reasonable"": ""not_applicable"", ""camera_view_ok"": ""yes"", ""scene_compatibility_ok"": ""yes"", ""main_failure_reason"": ""helper_absent_ok is no because the open box (container helper) is visible and salient, which is expec..."
container_o1_000005,container_helper_o1_target_absent,O1,/home/yurunze/peter_ws/m2g_learn/20260622Fourlegged_tool_aware/code/AHD-benchmark/data/generated_runs/ahd_cosmos3_raw240/images/o1/container_o1_000005.jpg,semantic_keep,True,high,True,success,,not_applicable,not_applicable,yes,yes,no,not_applicable,yes,yes,,,qwen3-vl:32b-instruct-q4_K_M,llm_enriched,qwen3-vl:30b-a3b-instruct-q4_K_M,,"{ ""keep"": true, ""confidence"": ""high"", ""spec_id"": ""container_o1_000005"", ""spec_type"": ""container_helper_o1_target_absent"", ""target_visible_ok"": ""not_applicable"", ""helper_absent_ok"": ""yes"", ""helper_visible_ok"": ""yes"", ""target_absent_ok"": ""yes"", ""forbidden_object_leakage"": ""no"", ""count_reasonable"": ""not_applicable"", ""camera_view_ok"": ""yes"", ""scene_compatibility_ok"": ""yes"", ""main_failure_reason"": """", ""one_prompt_fix"": """" }"
container_o1_000006,container_helper_o1_target_absent,O1,/home/yurunze/peter_ws/m2g_learn/20260622Fourlegged_tool_aware/code/AHD-benchmark/data/generated_runs/ahd_cosmos3_raw240/images/o1/container_o1_000006.jpg,semantic_keep,True,high,True,success,,not_applicable,not_applicable,yes,yes,no,not_applicable,yes,yes,,,qwen3-vl:32b-instruct-q4_K_M,llm_enriched,qwen3-vl:30b-a3b-instruct-q4_K_M,,"{ ""keep"": true, ""confidence"": ""high"", ""spec_id"": ""container_o1_000006"", ""spec_type"": ""container_helper_o1_target_absent"", ""target_visible_ok"": ""not_applicable"", ""helper_absent_ok"": ""no"", ""helper_visible_ok"": ""yes"", ""target_absent_ok"": ""yes"", ""forbidden_object_leakage"": ""no"", ""count_reasonable"": ""not_applicable"", ""camera_view_ok"": ""yes"", ""scene_compatibility_ok"": ""yes"", ""main_failure_reason"": ""The tote bag is visible and salient, fulfilling the container helper requirement; however, 'helper_ab..."
container_o1_000007,container_helper_o1_target_absent,O1,/home/yurunze/peter_ws/m2g_learn/20260622Fourlegged_tool_aware/code/AHD-benchmark/data/generated_runs/ahd_cosmos3_raw240/images/o1/container_o1_000007.jpg,semantic_keep,True,high,False,success,,not_applicable,not_applicable,yes,yes,no,not_applicable,yes,yes,,,qwen3-vl:32b-instruct-q4_K_M,llm_enriched,qwen3-vl:30b-a3b-instruct-q4_K_M,,"{ ""keep"": true, ""confidence"": ""high"", ""spec_id"": ""container_o1_000007"", ""spec_type"": ""container_helper_o1_target_absent"", ""target_visible_ok"": ""not_applicable"", ""helper_absent_ok"": ""not_applicable"", ""helper_visible_ok"": ""yes"", ""target_absent_ok"": ""yes"", ""forbidden_object_leakage"": ""no"", ""count_reasonable"": ""not_applicable"", ""camera_view_ok"": ""yes"", ""scene_compatibility_ok"": ""yes"", ""main_failure_reason"": """", ""one_prompt_fix"": """" }"
container_o1_000008,container_helper_o1_target_absent,O1,/home/yurunze/peter_ws/m2g_learn/20260622Fourlegged_tool_aware/code/AHD-benchmark/data/generated_runs/ahd_cosmos3_raw240/images/o1/container_o1_000008.jpg,semantic_keep,True,high,True,success,,not_applicable,not_applicable,yes,yes,no,not_applicable,yes,yes,,,qwen3-vl:32b-instruct-q4_K_M,llm_enriched,qwen3-vl:30b-a3b-instruct-q4_K_M,,"{ ""keep"": true, ""confidence"": ""high"", ""spec_id"": ""container_o1_000008"", ""spec_type"": ""container_helper_o1_target_absent"", ""target_visible_ok"": ""not_applicable"", ""helper_absent_ok"": ""no"", ""helper_visible_ok"": ""yes"", ""target_absent_ok"": ""yes"", ""forbidden_object_leakage"": ""no"", ""count_reasonable"": ""not_applicable"", ""camera_view_ok"": ""yes"", ""scene_compatibility_ok"": ""yes"", ""main_failure_reason"": ""helper_visible_ok is yes, but helper_absent_ok is no — the open box is a container-like helper and sh..."
container_o1_000009,container_helper_o1_target_absent,O1,/home/yurunze/peter_ws/m2g_learn/20260622Fourlegged_tool_aware/code/AHD-benchmark/data/generated_runs/ahd_cosmos3_raw240/images/o1/container_o1_000009.jpg,semantic_keep,True,high,True,success,,not_applicable,not_applicable,yes,yes,no,not_applicable,yes,yes,,,qwen3-vl:32b-instruct-q4_K_M,llm_enriched,qwen3-vl:30b-a3b-instruct-q4_K_M,,"{ ""keep"": true, ""confidence"": ""high"", ""spec_id"": ""container_o1_000009"", ""spec_type"": ""container_helper_o1_target_absent"", ""target_visible_ok"": ""not_applicable"", ""helper_absent_ok"": ""no"", ""helper_visible_ok"": ""yes"", ""target_absent_ok"": ""yes"", ""forbidden_object_leakage"": ""no"", ""count_reasonable"": ""not_applicable"", ""camera_view_ok"": ""yes"", ""scene_compatibility_ok"": ""yes"", ""main_failure_reason"": ""helper_visible_ok is yes, but helper_absent_ok is no — the open box is a container-like helper and sh..."
container_o1_000010,container_helper_o1_target_absent,O1,/home/yurunze/peter_ws/m2g_learn/20260622Fourlegged_tool_aware/code/AHD-benchmark/data/generated_runs/ahd_cosmos3_raw240/images/o1/container_o1_000010.jpg,semantic_keep,True,high,True,success,,not_applicable,not_applicable,yes,yes,no,not_applicable,yes,yes,,,qwen3-vl:32b-instruct-q4_K_M,llm_enriched,qwen3-vl:30b-a3b-instruct-q4_K_M,,"{ ""keep"": true, ""confidence"": ""high"", ""spec_id"": ""container_o1_000010"", ""spec_type"": ""container_helper_o1_target_absent"", ""target_visible_ok"": ""not_applicable"", ""helper_absent_ok"": ""no"", ""helper_visible_ok"": ""yes"", ""target_absent_ok"": ""yes"", ""forbidden_object_leakage"": ""no"", ""count_reasonable"": ""not_applicable"", ""camera_view_ok"": ""yes"", ""scene_compatibility_ok"": ""yes"", ""main_failure_reason"": ""helper_visible_ok is yes, but helper_absent_ok is no — the open box is a container-like helper and sh..."
container_o1_000011,container_helper_o1_target_absent,O1,/home/yurunze/peter_ws/m2g_learn/20260622Fourlegged_tool_aware/code/AHD-benchmark/data/generated_runs/ahd_cosmos3_raw240/images/o1/container_o1_000011.jpg,semantic_keep,True,high,True,success,,not_applicable,not_applicable,yes,yes,no,not_applicable,yes,yes,,,qwen3-vl:32b-instruct-q4_K_M,llm_enriched,qwen3-vl:30b-a3b-instruct-q4_K_M,,"{ ""keep"": true, ""confidence"": ""high"", ""spec_id"": ""container_o1_000011"", ""spec_type"": ""container_helper_o1_target_absent"", ""target_visible_ok"": ""not_applicable"", ""helper_absent_ok"": ""no"", ""helper_visible_ok"": ""yes"", ""target_absent_ok"": ""yes"", ""forbidden_object_leakage"": ""no"", ""count_reasonable"": ""not_applicable"", ""camera_view_ok"": ""yes"", ""scene_compatibility_ok"": ""yes"", ""main_failure_reason"": ""The tray is visible and salient, fulfilling the container helper requirement; however, 'helper_absent..."
container_o1_000012,container_helper_o1_target_absent,O1,/home/yurunze/peter_ws/m2g_learn/20260622Fourlegged_tool_aware/code/AHD-benchmark/data/generated_runs/ahd_cosmos3_raw240/images/o1/container_o1_000012.jpg,semantic_keep,True,high,True,success,,not_applicable,not_applicable,yes,yes,no,not_applicable,yes,yes,,,qwen3-vl:32b-instruct-q4_K_M,llm_enriched,qwen3-vl:30b-a3b-instruct-q4_K_M,,"{ ""keep"": true, ""confidence"": ""high"", ""spec_id"": ""container_o1_000012"", ""spec_type"": ""container_helper_o1_target_absent"", ""target_visible_ok"": ""not_applicable"", ""helper_absent_ok"": ""no"", ""helper_visible_ok"": ""yes"", ""target_absent_ok"": ""yes"", ""forbidden_object_leakage"": ""no"", ""count_reasonable"": ""not_applicable"", ""camera_view_ok"": ""yes"", ""scene_compatibility_ok"": ""yes"", ""main_failure_reason"": ""helper_visible_ok is yes, but helper_absent_ok is no — the basket is a container-like helper and shou..."
container_o1_000013,container_helper_o1_target_absent,O1,/home/yurunze/peter_ws/m2g_learn/20260622Fourlegged_tool_aware/code/AHD-benchmark/data/generated_runs/ahd_cosmos3_raw240/images/o1/container_o1_000013.jpg,semantic_keep,True,high,True,success,,not_applicable,not_applicable,yes,yes,no,not_applicable,yes,yes,,,qwen3-vl:32b-instruct-q4_K_M,llm_enriched,qwen3-vl:30b-a3b-instruct-q4_K_M,,"{ ""keep"": true, ""confidence"": ""high"", ""spec_id"": ""container_o1_000013"", ""spec_type"": ""container_helper_o1_target_absent"", ""target_visible_ok"": ""not_applicable"", ""helper_absent_ok"": ""no"", ""helper_visible_ok"": ""yes"", ""target_absent_ok"": ""yes"", ""forbidden_object_leakage"": ""no"", ""count_reasonable"": ""not_applicable"", ""camera_view_ok"": ""yes"", ""scene_compatibility_ok"": ""yes"", ""main_failure_reason"": ""helper_visible_ok is yes, but helper_absent_ok is no — the basket is a container-like helper and shou..."
container_o1_000014,container_helper_o1_target_absent,O1,/home/yurunze/peter_ws/m2g_learn/20260622Fourlegged_tool_aware/code/AHD-benchmark/data/generated_runs/ahd_cosmos3_raw240/images/o1/container_o1_000014.jpg,semantic_keep,True,high,True,success,,not_applicable,not_applicable,yes,yes,no,not_applicable,yes,yes,,,qwen3-vl:32b-instruct-q4_K_M,llm_enriched,qwen3-vl:30b-a3b-instruct-q4_K_M,,"{ ""keep"": true, ""confidence"": ""high"", ""spec_id"": ""container_o1_000014"", ""spec_type"": ""container_helper_o1_target_absent"", ""target_visible_ok"": ""not_applicable"", ""helper_absent_ok"": ""no"", ""helper_visible_ok"": ""yes"", ""target_absent_ok"": ""yes"", ""forbidden_object_leakage"": ""no"", ""count_reasonable"": ""not_applicable"", ""camera_view_ok"": ""yes"", ""scene_compatibility_ok"": ""yes"", ""main_failure_reason"": """", ""one_prompt_fix"": """" }"
container_o1_000015,container_helper_o1_target_absent,O1,/home/yurunze/peter_ws/m2g_learn/20260622Fourlegged_tool_aware/code/AHD-benchmark/data/generated_runs/ahd_cosmos3_raw240/images/o1/container_o1_000015.jpg,semantic_keep,True,high,True,success,,not_applicable,not_applicable,yes,yes,no,not_applicable,yes,yes,,,qwen3-vl:32b-instruct-q4_K_M,llm_enriched,qwen3-vl:30b-a3b-instruct-q4_K_M,,"{ ""keep"": true, ""confidence"": ""high"", ""spec_id"": ""container_o1_000015"", ""spec_type"": ""container_helper_o1_target_absent"", ""target_visible_ok"": ""not_applicable"", ""helper_absent_ok"": ""no"", ""helper_visible_ok"": ""yes"", ""target_absent_ok"": ""yes"", ""forbidden_object_leakage"": ""no"", ""count_reasonable"": ""not_applicable"", ""camera_view_ok"": ""yes"", ""scene_compatibility_ok"": ""yes"", ""main_failure_reason"": ""helper_visible_ok is yes, but helper_absent_ok is no — the basket is a container-like helper and shou..."
container_o1_000016,container_helper_o1_target_absent,O1,/home/yurunze/peter_ws/m2g_learn/20260622Fourlegged_tool_aware/code/AHD-benchmark/data/generated_runs/ahd_cosmos3_raw240/images/o1/container_o1_000016.jpg,semantic_keep,True,high,True,success,,not_applicable,not_applicable,yes,yes,no,not_applicable,yes,yes,,,qwen3-vl:32b-instruct-q4_K_M,llm_enriched,qwen3-vl:30b-a3b-instruct-q4_K_M,,"{ ""keep"": true, ""confidence"": ""high"", ""spec_id"": ""container_o1_000016"", ""spec_type"": ""container_helper_o1_target_absent"", ""target_visible_ok"": ""not_applicable"", ""helper_absent_ok"": ""no"", ""helper_visible_ok"": ""yes"", ""target_absent_ok"": ""yes"", ""forbidden_object_leakage"": ""no"", ""count_reasonable"": ""not_applicable"", ""camera_view_ok"": ""yes"", ""scene_compatibility_ok"": ""yes"", ""main_failure_reason"": ""The beige tote bag is a container-like helper and is visible, satisfying the O1 condition. However, '..."
container_o1_000017,container_helper_o1_target_absent,O1,/home/yurunze/peter_ws/m2g_learn/20260622Fourlegged_tool_aware/code/AHD-benchmark/data/generated_runs/ahd_cosmos3_raw240/images/o1/container_o1_000017.jpg,semantic_reject,False,high,True,success,,no,not_applicable,yes,no,yes,not_applicable,uncertain,uncertain,"The image contains forbidden objects (water bottle, broom) and the target objects (bottles/cans) are visible on the floor, violating the O1 condition of target absence or non-salience. Additionally, while a tray is present as a container helper, it is not salient in context due to other competing...","Strengthen the negative prompt to exclude water bottles, drink cans, brooms, sticks, rods, and hangers; ensure target objects are absent or non-salient while keeping only the container helper visible.",qwen3-vl:32b-instruct-q4_K_M,llm_enriched,qwen3-vl:30b-a3b-instruct-q4_K_M,,"{ ""keep"": false, ""confidence"": ""high"", ""spec_id"": ""container_o1_000017"", ""spec_type"": ""container_helper_o1_target_absent"", ""target_visible_ok"": ""no"", ""helper_absent_ok"": ""no"", ""helper_visible_ok"": ""yes"", ""target_absent_ok"": ""no"", ""forbidden_object_leakage"": ""yes"", ""count_reasonable"": ""not_applicable"", ""camera_view_ok"": ""uncertain"", ""scene_compatibility_ok"": ""uncertain"", ""main_failure_reason"": ""The image contains forbidden objects (water bottle, broom) and the target objects (bottles/cans) are..."
container_o1_000018,container_helper_o1_target_absent,O1,/home/yurunze/peter_ws/m2g_learn/20260622Fourlegged_tool_aware/code/AHD-benchmark/data/generated_runs/ahd_cosmos3_raw240/images/o1/container_o1_000018.jpg,semantic_keep,True,high,True,success,,not_applicable,not_applicable,yes,yes,no,not_applicable,yes,yes,,,qwen3-vl:32b-instruct-q4_K_M,llm_enriched,qwen3-vl:30b-a3b-instruct-q4_K_M,,"{ ""keep"": true, ""confidence"": ""high"", ""spec_id"": ""container_o1_000018"", ""spec_type"": ""container_helper_o1_target_absent"", ""target_visible_ok"": ""not_applicable"", ""helper_absent_ok"": ""no"", ""helper_visible_ok"": ""yes"", ""target_absent_ok"": ""yes"", ""forbidden_object_leakage"": ""no"", ""count_reasonable"": ""not_applicable"", ""camera_view_ok"": ""yes"", ""scene_compatibility_ok"": ""yes"", ""main_failure_reason"": ""helper_visible_ok is yes, but helper_absent_ok should be 'yes' for O1 condition — however, the tray i..."
container_o1_000019,container_helper_o1_target_absent,O1,/home/yurunze/peter_ws/m2g_learn/20260622Fourlegged_tool_aware/code/AHD-benchmark/data/generated_runs/ahd_cosmos3_raw240/images/o1/container_o1_000019.jpg,semantic_keep,True,high,True,success,,not_applicable,not_applicable,yes,yes,no,not_applicable,yes,yes,,,qwen3-vl:32b-instruct-q4_K_M,llm_enriched,qwen3-vl:30b-a3b-instruct-q4_K_M,,"{ ""keep"": true, ""confidence"": ""high"", ""spec_id"": ""container_o1_000019"", ""spec_type"": ""container_helper_o1_target_absent"", ""target_visible_ok"": ""not_applicable"", ""helper_absent_ok"": ""no"", ""helper_visible_ok"": ""yes"", ""target_absent_ok"": ""yes"", ""forbidden_object_leakage"": ""no"", ""count_reasonable"": ""not_applicable"", ""camera_view_ok"": ""yes"", ""scene_compatibility_ok"": ""yes"", ""main_failure_reason"": ""helper_visible_ok is yes, but helper_absent_ok is no — the open box is a container-like helper and sh..."
container_o1_000020,container_helper_o1_target_absent,O1,/home/yurunze/peter_ws/m2g_learn/20260622Fourlegged_tool_aware/code/AHD-benchmark/data/generated_runs/ahd_cosmos3_raw240/images/o1/container_o1_000020.jpg,semantic_keep,True,high,True,success,,not_applicable,not_applicable,yes,yes,no,not_applicable,yes,yes,,,qwen3-vl:32b-instruct-q4_K_M,llm_enriched,qwen3-vl:30b-a3b-instruct-q4_K_M,,"{ ""keep"": true, ""confidence"": ""high"", ""spec_id"": ""container_o1_000020"", ""spec_type"": ""container_helper_o1_target_absent"", ""target_visible_ok"": ""not_applicable"", ""helper_absent_ok"": ""no"", ""helper_visible_ok"": ""yes"", ""target_absent_ok"": ""yes"", ""forbidden_object_leakage"": ""no"", ""count_reasonable"": ""not_applicable"", ""camera_view_ok"": ""yes"", ""scene_compatibility_ok"": ""yes"", ""main_failure_reason"": ""The tray is visible and salient, fulfilling the container helper requirement; however, 'helper_absent..."
container_o1_000021,container_helper_o1_target_absent,O1,/home/yurunze/peter_ws/m2g_learn/20260622Fourlegged_tool_aware/code/AHD-benchmark/data/generated_runs/ahd_cosmos3_raw240/images/o1/container_o1_000021.jpg,semantic_keep,True,high,True,success,,not_applicable,not_applicable,yes,yes,no,not_applicable,yes,yes,,,qwen3-vl:32b-instruct-q4_K_M,llm_enriched,qwen3-vl:30b-a3b-instruct-q4_K_M,,"{ ""keep"": true, ""confidence"": ""high"", ""spec_id"": ""container_o1_000021"", ""spec_type"": ""container_helper_o1_target_absent"", ""target_visible_ok"": ""not_applicable"", ""helper_absent_ok"": ""no"", ""helper_visible_ok"": ""yes"", ""target_absent_ok"": ""yes"", ""forbidden_object_leakage"": ""no"", ""count_reasonable"": ""not_applicable"", ""camera_view_ok"": ""yes"", ""scene_compatibility_ok"": ""yes"", ""main_failure_reason"": ""helper_visible_ok is yes, but helper_absent_ok is no — the basket is a container-like helper and shou..."
container_o1_000022,container_helper_o1_target_absent,O1,/home/yurunze/peter_ws/m2g_learn/20260622Fourlegged_tool_aware/code/AHD-benchmark/data/generated_runs/ahd_cosmos3_raw240/images/o1/container_o1_000022.jpg,semantic_keep,True,high,True,success,,not_applicable,not_applicable,yes,yes,no,not_applicable,yes,yes,,,qwen3-vl:32b-instruct-q4_K_M,llm_enriched,qwen3-vl:30b-a3b-instruct-q4_K_M,,"{ ""keep"": true, ""confidence"": ""high"", ""spec_id"": ""container_o1_000022"", ""spec_type"": ""container_helper_o1_target_absent"", ""target_visible_ok"": ""not_applicable"", ""helper_absent_ok"": ""no"", ""helper_visible_ok"": ""yes"", ""target_absent_ok"": ""yes"", ""forbidden_object_leakage"": ""no"", ""count_reasonable"": ""not_applicable"", ""camera_view_ok"": ""yes"", ""scene_compatibility_ok"": ""yes"", ""main_failure_reason"": ""helper_visible_ok is yes, but helper_absent_ok should be 'yes' for O1 condition — however, the specif..."
container_o1_000023,container_helper_o1_target_absent,O1,/home/yurunze/peter_ws/m2g_learn/20260622Fourlegged_tool_aware/code/AHD-benchmark/data/generated_runs/ahd_cosmos3_raw240/images/o1/container_o1_000023.jpg,semantic_keep,True,high,False,success,,not_applicable,not_applicable,yes,yes,no,not_applicable,yes,yes,,,qwen3-vl:32b-instruct-q4_K_M,llm_enriched,qwen3-vl:30b-a3b-instruct-q4_K_M,,"{ ""keep"": true, ""confidence"": ""high"", ""spec_id"": ""container_o1_000023"", ""spec_type"": ""container_helper_o1_target_absent"", ""target_visible_ok"": ""not_applicable"", ""helper_absent_ok"": ""not_applicable"", ""helper_visible_ok"": ""yes"", ""target_absent_ok"": ""yes"", ""forbidden_object_leakage"": ""no"", ""count_reasonable"": ""not_applicable"", ""camera_view_ok"": ""yes"", ""scene_compatibility_ok"": ""yes"", ""main_failure_reason"": """", ""one_prompt_fix"": """" }"
container_o1_000024,container_helper_o1_target_absent,O1,/home/yurunze/peter_ws/m2g_learn/20260622Fourlegged_tool_aware/code/AHD-benchmark/data/generated_runs/ahd_cosmos3_raw240/images/o1/container_o1_000024.jpg,semantic_keep,True,high,True,success,,not_applicable,not_applicable,yes,yes,no,not_applicable,yes,yes,,,qwen3-vl:32b-instruct-q4_K_M,llm_enriched,qwen3-vl:30b-a3b-instruct-q4_K_M,,"{ ""keep"": true, ""confidence"": ""high"", ""spec_id"": ""container_o1_000024"", ""spec_type"": ""container_helper_o1_target_absent"", ""target_visible_ok"": ""not_applicable"", ""helper_absent_ok"": ""no"", ""helper_visible_ok"": ""yes"", ""target_absent_ok"": ""yes"", ""forbidden_object_leakage"": ""no"", ""count_reasonable"": ""not_applicable"", ""camera_view_ok"": ""yes"", ""scene_compatibility_ok"": ""yes"", ""main_failure_reason"": ""The helper (wooden tray) is visible and salient, but the specification requires container-like helper..."
container_o1_000025,container_helper_o1_target_absent,O1,/home/yurunze/peter_ws/m2g_learn/20260622Fourlegged_tool_aware/code/AHD-benchmark/data/generated_runs/ahd_cosmos3_raw240/images/o1/container_o1_000025.jpg,semantic_reject,False,high,True,success,,no,not_applicable,yes,yes,yes,not_applicable,yes,yes,"The image contains a tote bag on the floor, which is a container-like helper and should be visible in O1. However, it also includes a yellow toy block and a cloth with a phone charger — these are distractors that may interfere with helper salience. More critically, the negative prompt explicitly ...","Strengthen the negative prompt to exclude all containers including tote bags, baskets, trays, boxes, and bags.",qwen3-vl:32b-instruct-q4_K_M,llm_enriched,qwen3-vl:30b-a3b-instruct-q4_K_M,,"{ ""keep"": false, ""confidence"": ""high"", ""spec_id"": ""container_o1_000025"", ""spec_type"": ""container_helper_o1_target_absent"", ""target_visible_ok"": ""no"", ""helper_absent_ok"": ""no"", ""helper_visible_ok"": ""yes"", ""target_absent_ok"": ""yes"", ""forbidden_object_leakage"": ""yes"", ""count_reasonable"": ""not_applicable"", ""camera_view_ok"": ""yes"", ""scene_compatibility_ok"": ""yes"", ""main_failure_reason"": ""The image contains a tote bag on the floor, which is a container-like helper and should be visible in O1. Howev..."
container_o1_000026,container_helper_o1_target_absent,O1,/home/yurunze/peter_ws/m2g_learn/20260622Fourlegged_tool_aware/code/AHD-benchmark/data/generated_runs/ahd_cosmos3_raw240/images/o1/container_o1_000026.jpg,semantic_keep,True,high,True,success,,not_applicable,not_applicable,yes,yes,no,not_applicable,yes,yes,,,qwen3-vl:32b-instruct-q4_K_M,llm_enriched,qwen3-vl:30b-a3b-instruct-q4_K_M,,"{ ""keep"": true, ""confidence"": ""high"", ""spec_id"": ""container_o1_000026"", ""spec_type"": ""container_helper_o1_target_absent"", ""target_visible_ok"": ""not_applicable"", ""helper_absent_ok"": ""no"", ""helper_visible_ok"": ""yes"", ""target_absent_ok"": ""yes"", ""forbidden_object_leakage"": ""no"", ""count_reasonable"": ""not_applicable"", ""camera_view_ok"": ""yes"", ""scene_compatibility_ok"": ""yes"", ""main_failure_reason"": ""The helper (open box) is visible and salient, but the specification requires helper_absent_ok=yes in ..."
container_o1_000027,container_helper_o1_target_absent,O1,/home/yurunze/peter_ws/m2g_learn/20260622Fourlegged_tool_aware/code/AHD-benchmark/data/generated_runs/ahd_cosmos3_raw240/images/o1/container_o1_000027.jpg,semantic_keep,True,high,True,success,,not_applicable,not_applicable,yes,yes,no,not_applicable,yes,yes,,,qwen3-vl:32b-instruct-q4_K_M,llm_enriched,qwen3-vl:30b-a3b-instruct-q4_K_M,,"{ ""keep"": true, ""confidence"": ""high"", ""spec_id"": ""container_o1_000027"", ""spec_type"": ""container_helper_o1_target_absent"", ""target_visible_ok"": ""not_applicable"", ""helper_absent_ok"": ""no"", ""helper_visible_ok"": ""yes"", ""target_absent_ok"": ""yes"", ""forbidden_object_leakage"": ""no"", ""count_reasonable"": ""not_applicable"", ""camera_view_ok"": ""yes"", ""scene_compatibility_ok"": ""yes"", ""main_failure_reason"": ""helper_visible_ok is yes, but helper_absent_ok is no — the basket (container helper) is visible and s..."
container_o1_000028,container_helper_o1_target_absent,O1,/home/yurunze/peter_ws/m2g_learn/20260622Fourlegged_tool_aware/code/AHD-benchmark/data/generated_runs/ahd_cosmos3_raw240/images/o1/container_o1_000028.jpg,semantic_keep,True,high,True,success,,not_applicable,not_applicable,yes,yes,no,not_applicable,yes,yes,,,qwen3-vl:32b-instruct-q4_K_M,llm_enriched,qwen3-vl:30b-a3b-instruct-q4_K_M,,"{ ""keep"": true, ""confidence"": ""high"", ""spec_id"": ""container_o1_000028"", ""spec_type"": ""container_helper_o1_target_absent"", ""target_visible_ok"": ""not_applicable"", ""helper_absent_ok"": ""no"", ""helper_visible_ok"": ""yes"", ""target_absent_ok"": ""yes"", ""forbidden_object_leakage"": ""no"", ""count_reasonable"": ""not_applicable"", ""camera_view_ok"": ""yes"", ""scene_compatibility_ok"": ""yes"", ""main_failure_reason"": ""helper_visible_ok is yes, but helper_absent_ok is no — the basket is a container-like helper and shou..."
container_o1_000029,container_helper_o1_target_absent,O1,/home/yurunze/peter_ws/m2g_learn/20260622Fourlegged_tool_aware/code/AHD-benchmark/data/generated_runs/ahd_cosmos3_raw240/images/o1/container_o1_000029.jpg,generation_failed,False,low,False,failed,"torch.OutOfMemoryError: CUDA out of memory. Tried to allocate 450.00 MiB. GPU 0 has a total capacity of 47.41 GiB of which 430.38 MiB is free. Process 688703 has 14.79 GiB memory in use. Including non-PyTorch memory, this process has 32.17 GiB memory in use. Of the allocated memory 31.70 GiB is a...",uncertain,not_applicable,uncertain,uncertain,uncertain,uncertain,uncertain,uncertain,"recompute_scale_factor=self.recompute_scale_factor, ^^^^^^^^^^^^^^^^^^^^^^^^^^^^^^^^^^^^^^^^^^^^^^^^^^^ ) ^ File ""/data0/yurunze/conda_envs/codex_cosmos/lib/python3.13/site-packages/torch/nn/functional.py"", line 4822, in interpolate return torch._C._nn._upsample_nearest_exact2d(input, output_size...",Rerun this generation row after freeing GPU memory or moving Cosmos3 to an available GPU.,qwen3-vl:32b-instruct-q4_K_M,llm_enriched,qwen3-vl:30b-a3b-instruct-q4_K_M,,
container_o1_000030,container_helper_o1_target_absent,O1,/home/yurunze/peter_ws/m2g_learn/20260622Fourlegged_tool_aware/code/AHD-benchmark/data/generated_runs/ahd_cosmos3_raw240/images/o1/container_o1_000030.jpg,semantic_keep,True,high,True,success,,not_applicable,not_applicable,yes,yes,no,not_applicable,yes,yes,,,qwen3-vl:32b-instruct-q4_K_M,llm_enriched,qwen3-vl:30b-a3b-instruct-q4_K_M,,"{ ""keep"": true, ""confidence"": ""high"", ""spec_id"": ""container_o1_000030"", ""spec_type"": ""container_helper_o1_target_absent"", ""target_visible_ok"": ""not_applicable"", ""helper_absent_ok"": ""no"", ""helper_visible_ok"": ""yes"", ""target_absent_ok"": ""yes"", ""forbidden_object_leakage"": ""no"", ""count_reasonable"": ""not_applicable"", ""camera_view_ok"": ""yes"", ""scene_compatibility_ok"": ""yes"", ""main_failure_reason"": ""helper_visible_ok is yes, but helper_absent_ok is no — the open box is a container-like helper and sh..."
container_o1_000031,container_helper_o1_target_absent,O1,/home/yurunze/peter_ws/m2g_learn/20260622Fourlegged_tool_aware/code/AHD-benchmark/data/generated_runs/ahd_cosmos3_raw240/images/o1/container_o1_000031.jpg,semantic_reject,False,high,True,success,,no,not_applicable,yes,no,yes,not_applicable,uncertain,yes,"The image contains visible water bottles (target objects) which violate the requirement for target_absent_ok=yes in O1. Additionally, a tote bag is present as a container helper, but it is not salient enough to be considered the primary focus, and the presence of forbidden targets (water bottles)...","Strengthen the negative prompt to exclude water bottles, drink cans, remote controls, small balls, brooms, sticks, rods, hangers, and any other target objects; ensure only a salient container helper is visible without any original targets.",qwen3-vl:32b-instruct-q4_K_M,llm_enriched,qwen3-vl:30b-a3b-instruct-q4_K_M,,"{ ""keep"": false, ""confidence"": ""high"", ""spec_id"": ""container_o1_000031"", ""spec_type"": ""container_helper_o1_target_absent"", ""target_visible_ok"": ""no"", ""helper_absent_ok"": ""no"", ""helper_visible_ok"": ""yes"", ""target_absent_ok"": ""no"", ""forbidden_object_leakage"": ""yes"", ""count_reasonable"": ""not_applicable"", ""camera_view_ok"": ""uncertain"", ""scene_compatibility_ok"": ""yes"", ""main_failure_reason"": ""The image contains visible water bottles (target objects) which violate the requirement for target_absent_..."
container_o1_000032,container_helper_o1_target_absent,O1,/home/yurunze/peter_ws/m2g_learn/20260622Fourlegged_tool_aware/code/AHD-benchmark/data/generated_runs/ahd_cosmos3_raw240/images/o1/container_o1_000032.jpg,semantic_keep,True,high,True,success,,not_applicable,not_applicable,yes,yes,no,not_applicable,yes,yes,,,qwen3-vl:32b-instruct-q4_K_M,llm_enriched,qwen3-vl:30b-a3b-instruct-q4_K_M,,"{ ""keep"": true, ""confidence"": ""high"", ""spec_id"": ""container_o1_000032"", ""spec_type"": ""container_helper_o1_target_absent"", ""target_visible_ok"": ""not_applicable"", ""helper_absent_ok"": ""no"", ""helper_visible_ok"": ""yes"", ""target_absent_ok"": ""yes"", ""forbidden_object_leakage"": ""no"", ""count_reasonable"": ""not_applicable"", ""camera_view_ok"": ""yes"", ""scene_compatibility_ok"": ""yes"", ""main_failure_reason"": ""The helper (basket) is visible and salient, but the specification requires helper_absent_ok=yes in O1..."
container_o1_000033,container_helper_o1_target_absent,O1,/home/yurunze/peter_ws/m2g_learn/20260622Fourlegged_tool_aware/code/AHD-benchmark/data/generated_runs/ahd_cosmos3_raw240/images/o1/container_o1_000033.jpg,semantic_keep,True,high,True,success,,not_applicable,not_applicable,yes,yes,no,not_applicable,yes,yes,,,qwen3-vl:32b-instruct-q4_K_M,llm_enriched,qwen3-vl:30b-a3b-instruct-q4_K_M,,"{ ""keep"": true, ""confidence"": ""high"", ""spec_id"": ""container_o1_000033"", ""spec_type"": ""container_helper_o1_target_absent"", ""target_visible_ok"": ""not_applicable"", ""helper_absent_ok"": ""no"", ""helper_visible_ok"": ""yes"", ""target_absent_ok"": ""yes"", ""forbidden_object_leakage"": ""no"", ""count_reasonable"": ""not_applicable"", ""camera_view_ok"": ""yes"", ""scene_compatibility_ok"": ""yes"", ""main_failure_reason"": ""helper_visible_ok is yes, but helper_absent_ok is no — the tote bag is a container-like helper and sh..."
container_o1_000034,container_helper_o1_target_absent,O1,/home/yurunze/peter_ws/m2g_learn/20260622Fourlegged_tool_aware/code/AHD-benchmark/data/generated_runs/ahd_cosmos3_raw240/images/o1/container_o1_000034.jpg,semantic_keep,True,high,True,success,,not_applicable,not_applicable,yes,yes,no,not_applicable,yes,yes,,,qwen3-vl:32b-instruct-q4_K_M,llm_enriched,qwen3-vl:30b-a3b-instruct-q4_K_M,,"{ ""keep"": true, ""confidence"": ""high"", ""spec_id"": ""container_o1_000034"", ""spec_type"": ""container_helper_o1_target_absent"", ""target_visible_ok"": ""not_applicable"", ""helper_absent_ok"": ""no"", ""helper_visible_ok"": ""yes"", ""target_absent_ok"": ""yes"", ""forbidden_object_leakage"": ""no"", ""count_reasonable"": ""not_applicable"", ""camera_view_ok"": ""yes"", ""scene_compatibility_ok"": ""yes"", ""main_failure_reason"": ""helper_visible_ok is yes, but helper_absent_ok is no — the tote bag is a container-like helper and sh..."
container_o1_000035,container_helper_o1_target_absent,O1,/home/yurunze/peter_ws/m2g_learn/20260622Fourlegged_tool_aware/code/AHD-benchmark/data/generated_runs/ahd_cosmos3_raw240/images/o1/container_o1_000035.jpg,semantic_keep,True,high,False,success,,not_applicable,not_applicable,yes,yes,no,not_applicable,yes,yes,,,qwen3-vl:32b-instruct-q4_K_M,llm_enriched,qwen3-vl:30b-a3b-instruct-q4_K_M,,"{ ""keep"": true, ""confidence"": ""high"", ""spec_id"": ""container_o1_000035"", ""spec_type"": ""container_helper_o1_target_absent"", ""target_visible_ok"": ""not_applicable"", ""helper_absent_ok"": ""not_applicable"", ""helper_visible_ok"": ""yes"", ""target_absent_ok"": ""yes"", ""forbidden_object_leakage"": ""no"", ""count_reasonable"": ""not_applicable"", ""camera_view_ok"": ""yes"", ""scene_compatibility_ok"": ""yes"", ""main_failure_reason"": """", ""one_prompt_fix"": """" }"
container_o1_000036,container_helper_o1_target_absent,O1,/home/yurunze/peter_ws/m2g_learn/20260622Fourlegged_tool_aware/code/AHD-benchmark/data/generated_runs/ahd_cosmos3_raw240/images/o1/container_o1_000036.jpg,semantic_keep,True,high,True,success,,not_applicable,not_applicable,yes,yes,no,not_applicable,yes,yes,,,qwen3-vl:32b-instruct-q4_K_M,llm_enriched,qwen3-vl:30b-a3b-instruct-q4_K_M,,"{ ""keep"": true, ""confidence"": ""high"", ""spec_id"": ""container_o1_000036"", ""spec_type"": ""container_helper_o1_target_absent"", ""target_visible_ok"": ""not_applicable"", ""helper_absent_ok"": ""no"", ""helper_visible_ok"": ""yes"", ""target_absent_ok"": ""yes"", ""forbidden_object_leakage"": ""no"", ""count_reasonable"": ""not_applicable"", ""camera_view_ok"": ""yes"", ""scene_compatibility_ok"": ""yes"", ""main_failure_reason"": ""helper_visible_ok is yes, but helper_absent_ok should be 'yes' for O1 condition; however, the open bo..."
container_o1_000037,container_helper_o1_target_absent,O1,/home/yurunze/peter_ws/m2g_learn/20260622Fourlegged_tool_aware/code/AHD-benchmark/data/generated_runs/ahd_cosmos3_raw240/images/o1/container_o1_000037.jpg,semantic_reject,False,high,True,success,,no,not_applicable,no,yes,no,not_applicable,yes,yes,"The image does not show any container-like helper (e.g., basket, tray, box) as required for O1; instead, a large dark rectangle obscures the central part of the desk. The expected salient helper is absent or non-salient.","Ensure a clearly visible and salient container-like object such as a tray, basket, or open box is present in the scene without being obscured.",qwen3-vl:32b-instruct-q4_K_M,llm_enriched,qwen3-vl:30b-a3b-instruct-q4_K_M,,"{ ""keep"": false, ""confidence"": ""high"", ""spec_id"": ""container_o1_000037"", ""spec_type"": ""container_helper_o1_target_absent"", ""target_visible_ok"": ""no"", ""helper_absent_ok"": ""no"", ""helper_visible_ok"": ""no"", ""target_absent_ok"": ""yes"", ""forbidden_object_leakage"": ""no"", ""count_reasonable"": ""not_applicable"", ""camera_view_ok"": ""yes"", ""scene_compatibility_ok"": ""yes"", ""main_failure_reason"": ""The image does not show any container-like helper (e.g., basket, tray, box) as required for O1; instead, a large ..."
container_o1_000038,container_helper_o1_target_absent,O1,/home/yurunze/peter_ws/m2g_learn/20260622Fourlegged_tool_aware/code/AHD-benchmark/data/generated_runs/ahd_cosmos3_raw240/images/o1/container_o1_000038.jpg,semantic_keep,True,high,True,success,,not_applicable,not_applicable,yes,yes,no,not_applicable,yes,yes,,,qwen3-vl:32b-instruct-q4_K_M,llm_enriched,qwen3-vl:30b-a3b-instruct-q4_K_M,,"{ ""keep"": true, ""confidence"": ""high"", ""spec_id"": ""container_o1_000038"", ""spec_type"": ""container_helper_o1_target_absent"", ""target_visible_ok"": ""not_applicable"", ""helper_absent_ok"": ""no"", ""helper_visible_ok"": ""yes"", ""target_absent_ok"": ""yes"", ""forbidden_object_leakage"": ""no"", ""count_reasonable"": ""not_applicable"", ""camera_view_ok"": ""yes"", ""scene_compatibility_ok"": ""yes"", ""main_failure_reason"": ""helper_visible_ok=yes, target_absent_ok=yes, forbidden_object_leakage=no — all conditions met for O1 ..."
container_o1_000039,container_helper_o1_target_absent,O1,/home/yurunze/peter_ws/m2g_learn/20260622Fourlegged_tool_aware/code/AHD-benchmark/data/generated_runs/ahd_cosmos3_raw240/images/o1/container_o1_000039.jpg,semantic_keep,True,high,True,success,,not_applicable,not_applicable,yes,yes,no,not_applicable,yes,yes,,,qwen3-vl:32b-instruct-q4_K_M,llm_enriched,qwen3-vl:30b-a3b-instruct-q4_K_M,,"{ ""keep"": true, ""confidence"": ""high"", ""spec_id"": ""container_o1_000039"", ""spec_type"": ""container_helper_o1_target_absent"", ""target_visible_ok"": ""not_applicable"", ""helper_absent_ok"": ""no"", ""helper_visible_ok"": ""yes"", ""target_absent_ok"": ""yes"", ""forbidden_object_leakage"": ""no"", ""count_reasonable"": ""not_applicable"", ""camera_view_ok"": ""yes"", ""scene_compatibility_ok"": ""yes"", ""main_failure_reason"": ""helper_visible_ok is yes, but helper_absent_ok is no — the open box is a container-like helper and sh..."
container_o1_000040,container_helper_o1_target_absent,O1,/home/yurunze/peter_ws/m2g_learn/20260622Fourlegged_tool_aware/code/AHD-benchmark/data/generated_runs/ahd_cosmos3_raw240/images/o1/container_o1_000040.jpg,semantic_keep,True,high,True,success,,not_applicable,not_applicable,yes,yes,no,not_applicable,yes,yes,,,qwen3-vl:32b-instruct-q4_K_M,llm_enriched,qwen3-vl:30b-a3b-instruct-q4_K_M,,"{ ""keep"": true, ""confidence"": ""high"", ""spec_id"": ""container_o1_000040"", ""spec_type"": ""container_helper_o1_target_absent"", ""target_visible_ok"": ""not_applicable"", ""helper_absent_ok"": ""no"", ""helper_visible_ok"": ""yes"", ""target_absent_ok"": ""yes"", ""forbidden_object_leakage"": ""no"", ""count_reasonable"": ""not_applicable"", ""camera_view_ok"": ""yes"", ""scene_compatibility_ok"": ""yes"", ""main_failure_reason"": ""The helper (tote bag) is visible and salient, but the specification requires container-like helpers s..."
direct_o0_000001,direct_is_enough_o0_single_target,O0,/home/yurunze/peter_ws/m2g_learn/20260622Fourlegged_tool_aware/code/AHD-benchmark/data/generated_runs/ahd_cosmos3_raw240/images/o0/direct_o0_000001.jpg,semantic_reject,False,high,False,success,,yes,no,not_applicable,not_applicable,yes,yes,yes,yes,"A basket with wheels is visible in the scene, which violates the requirement for helper absence and constitutes forbidden object leakage.","Strengthen the negative prompt to exclude baskets, trays, boxes, bags, broom, stick, rod, and hanger, ensuring no container or carrying object appears in the kitchenette.",qwen3-vl:32b-instruct-q4_K_M,llm_enriched,qwen3-vl:30b-a3b-instruct-q4_K_M,,"{ ""keep"": false, ""confidence"": ""high"", ""spec_id"": ""direct_o0_000001"", ""spec_type"": ""direct_is_enough_o0_single_target"", ""target_visible_ok"": ""yes"", ""helper_absent_ok"": ""no"", ""helper_visible_ok"": ""not_applicable"", ""target_absent_ok"": ""not_applicable"", ""forbidden_object_leakage"": ""yes"", ""count_reasonable"": ""yes"", ""camera_view_ok"": ""yes"", ""scene_compatibility_ok"": ""yes"", ""main_failure_reason"": ""A basket with wheels is visible in the scene, which violates the requirement for helper absence and co..."
direct_o0_000002,direct_is_enough_o0_single_target,O0,/home/yurunze/peter_ws/m2g_learn/20260622Fourlegged_tool_aware/code/AHD-benchmark/data/generated_runs/ahd_cosmos3_raw240/images/o0/direct_o0_000002.jpg,semantic_keep,True,high,False,success,,yes,yes,not_applicable,not_applicable,no,yes,yes,yes,,,qwen3-vl:32b-instruct-q4_K_M,llm_enriched,qwen3-vl:30b-a3b-instruct-q4_K_M,,"{ ""keep"": true, ""confidence"": ""high"", ""spec_id"": ""direct_o0_000002"", ""spec_type"": ""direct_is_enough_o0_single_target"", ""target_visible_ok"": ""yes"", ""helper_absent_ok"": ""yes"", ""helper_visible_ok"": ""not_applicable"", ""target_absent_ok"": ""not_applicable"", ""forbidden_object_leakage"": ""no"", ""count_reasonable"": ""yes"", ""camera_view_ok"": ""yes"", ""scene_compatibility_ok"": ""yes"", ""main_failure_reason"": """", ""one_prompt_fix"": """" }"
direct_o0_000003,direct_is_enough_o0_single_target,O0,/home/yurunze/peter_ws/m2g_learn/20260622Fourlegged_tool_aware/code/AHD-benchmark/data/generated_runs/ahd_cosmos3_raw240/images/o0/direct_o0_000003.jpg,generation_failed,False,low,False,failed,"torch.OutOfMemoryError: CUDA out of memory. Tried to allocate 214.00 MiB. GPU 0 has a total capacity of 47.41 GiB of which 112.38 MiB is free. Process 688703 has 16.20 GiB memory in use. Including non-PyTorch memory, this process has 31.08 GiB memory in use. Of the allocated memory 30.75 GiB is a...",uncertain,uncertain,not_applicable,not_applicable,uncertain,uncertain,uncertain,uncertain,"File ""/data0/yurunze/conda_envs/codex_cosmos/lib/python3.13/site-packages/torch/nn/modules/module.py"", line 1787, in _call_impl return forward_call(*args, **kwargs) File ""/home/yurunze/peter_ws/m2g_learn/20260622Fourlegged_tool_aware/code/cosmos3/framework/cosmos_framework/model/generator/tokeniz...",Rerun this generation row after freeing GPU memory or moving Cosmos3 to an available GPU.,qwen3-vl:32b-instruct-q4_K_M,llm_enriched,qwen3-vl:30b-a3b-instruct-q4_K_M,,
direct_o0_000004,direct_is_enough_o0_single_target,O0,/home/yurunze/peter_ws/m2g_learn/20260622Fourlegged_tool_aware/code/AHD-benchmark/data/generated_runs/ahd_cosmos3_raw240/images/o0/direct_o0_000004.jpg,semantic_keep,True,high,False,success,,yes,yes,not_applicable,not_applicable,no,yes,yes,yes,,,qwen3-vl:32b-instruct-q4_K_M,llm_enriched,qwen3-vl:30b-a3b-instruct-q4_K_M,,"{ ""keep"": true, ""confidence"": ""high"", ""spec_id"": ""direct_o0_000004"", ""spec_type"": ""direct_is_enough_o0_single_target"", ""target_visible_ok"": ""yes"", ""helper_absent_ok"": ""yes"", ""helper_visible_ok"": ""not_applicable"", ""target_absent_ok"": ""not_applicable"", ""forbidden_object_leakage"": ""no"", ""count_reasonable"": ""yes"", ""camera_view_ok"": ""yes"", ""scene_compatibility_ok"": ""yes"", ""main_failure_reason"": """", ""one_prompt_fix"": """" }"
direct_o0_000005,direct_is_enough_o0_single_target,O0,/home/yurunze/peter_ws/m2g_learn/20260622Fourlegged_tool_aware/code/AHD-benchmark/data/generated_runs/ahd_cosmos3_raw240/images/o0/direct_o0_000005.jpg,semantic_keep,True,high,False,success,,yes,yes,not_applicable,not_applicable,no,yes,yes,yes,,,qwen3-vl:32b-instruct-q4_K_M,llm_enriched,qwen3-vl:30b-a3b-instruct-q4_K_M,,"{ ""keep"": true, ""confidence"": ""high"", ""spec_id"": ""direct_o0_000005"", ""spec_type"": ""direct_is_enough_o0_single_target"", ""target_visible_ok"": ""yes"", ""helper_absent_ok"": ""yes"", ""helper_visible_ok"": ""not_applicable"", ""target_absent_ok"": ""not_applicable"", ""forbidden_object_leakage"": ""no"", ""count_reasonable"": ""yes"", ""camera_view_ok"": ""yes"", ""scene_compatibility_ok"": ""yes"", ""main_failure_reason"": """", ""one_prompt_fix"": """" }"
direct_o0_000006,direct_is_enough_o0_single_target,O0,/home/yurunze/peter_ws/m2g_learn/20260622Fourlegged_tool_aware/code/AHD-benchmark/data/generated_runs/ahd_cosmos3_raw240/images/o0/direct_o0_000006.jpg,semantic_reject,False,high,False,success,,no,yes,not_applicable,not_applicable,no,not_applicable,yes,yes,"The target drink bottle is not visible in the image; instead, a water bottle is present on a desk, which contradicts the requirement for a single reachable target drink to be visible. The scene does not show any drink bottles on the floor or within direct reach as specified.",Ensure a single reachable water bottle is placed on the carpeted floor and clearly visible in the foreground.,qwen3-vl:32b-instruct-q4_K_M,llm_enriched,qwen3-vl:30b-a3b-instruct-q4_K_M,,"{ ""keep"": false, ""confidence"": ""high"", ""spec_id"": ""direct_o0_000006"", ""spec_type"": ""direct_is_enough_o0_single_target"", ""target_visible_ok"": ""no"", ""helper_absent_ok"": ""yes"", ""helper_visible_ok"": ""not_applicable"", ""target_absent_ok"": ""not_applicable"", ""forbidden_object_leakage"": ""no"", ""count_reasonable"": ""not_applicable"", ""camera_view_ok"": ""yes"", ""scene_compatibility_ok"": ""yes"", ""main_failure_reason"": ""The target drink bottle is not visible in the image; instead, a water bottle is present on a..."
direct_o0_000007,direct_is_enough_o0_single_target,O0,/home/yurunze/peter_ws/m2g_learn/20260622Fourlegged_tool_aware/code/AHD-benchmark/data/generated_runs/ahd_cosmos3_raw240/images/o0/direct_o0_000007.jpg,semantic_keep,True,high,False,success,,yes,yes,not_applicable,not_applicable,no,yes,yes,yes,,,qwen3-vl:32b-instruct-q4_K_M,llm_enriched,qwen3-vl:30b-a3b-instruct-q4_K_M,,"{ ""keep"": true, ""confidence"": ""high"", ""spec_id"": ""direct_o0_000007"", ""spec_type"": ""direct_is_enough_o0_single_target"", ""target_visible_ok"": ""yes"", ""helper_absent_ok"": ""yes"", ""helper_visible_ok"": ""not_applicable"", ""target_absent_ok"": ""not_applicable"", ""forbidden_object_leakage"": ""no"", ""count_reasonable"": ""yes"", ""camera_view_ok"": ""yes"", ""scene_compatibility_ok"": ""yes"", ""main_failure_reason"": """", ""one_prompt_fix"": """" }"
direct_o0_000008,direct_is_enough_o0_single_target,O0,/home/yurunze/peter_ws/m2g_learn/20260622Fourlegged_tool_aware/code/AHD-benchmark/data/generated_runs/ahd_cosmos3_raw240/images/o0/direct_o0_000008.jpg,semantic_reject,False,high,False,success,,yes,no,not_applicable,not_applicable,no,yes,yes,yes,"The image contains a cup and a cloth on the floor alongside the water bottle, which are distractors not permitted in O0 for this spec. The presence of non-target objects violates the requirement that only the single reachable target drink should be visible with no helper or other distracting items.",Remove the cup and cloth from the scene to leave only the single reachable water bottle visible on the carpeted floor.,qwen3-vl:32b-instruct-q4_K_M,llm_enriched,qwen3-vl:30b-a3b-instruct-q4_K_M,,"{ ""keep"": false, ""confidence"": ""high"", ""spec_id"": ""direct_o0_000008"", ""spec_type"": ""direct_is_enough_o0_single_target"", ""target_visible_ok"": ""yes"", ""helper_absent_ok"": ""no"", ""helper_visible_ok"": ""not_applicable"", ""target_absent_ok"": ""not_applicable"", ""forbidden_object_leakage"": ""no"", ""count_reasonable"": ""yes"", ""camera_view_ok"": ""yes"", ""scene_compatibility_ok"": ""yes"", ""main_failure_reason"": ""The image contains a cup and a cloth on the floor alongside the water bottle, which are distractors not..."
direct_o0_000009,direct_is_enough_o0_single_target,O0,/home/yurunze/peter_ws/m2g_learn/20260622Fourlegged_tool_aware/code/AHD-benchmark/data/generated_runs/ahd_cosmos3_raw240/images/o0/direct_o0_000009.jpg,semantic_keep,True,high,False,success,,yes,yes,not_applicable,not_applicable,no,yes,yes,yes,,,qwen3-vl:32b-instruct-q4_K_M,llm_enriched,qwen3-vl:30b-a3b-instruct-q4_K_M,,"{ ""keep"": true, ""confidence"": ""high"", ""spec_id"": ""direct_o0_000009"", ""spec_type"": ""direct_is_enough_o0_single_target"", ""target_visible_ok"": ""yes"", ""helper_absent_ok"": ""yes"", ""helper_visible_ok"": ""not_applicable"", ""target_absent_ok"": ""not_applicable"", ""forbidden_object_leakage"": ""no"", ""count_reasonable"": ""yes"", ""camera_view_ok"": ""yes"", ""scene_compatibility_ok"": ""yes"", ""main_failure_reason"": """", ""one_prompt_fix"": """" }"
direct_o0_000010,direct_is_enough_o0_single_target,O0,/home/yurunze/peter_ws/m2g_learn/20260622Fourlegged_tool_aware/code/AHD-benchmark/data/generated_runs/ahd_cosmos3_raw240/images/o0/direct_o0_000010.jpg,semantic_keep,True,high,False,success,,yes,yes,not_applicable,not_applicable,no,yes,yes,yes,,,qwen3-vl:32b-instruct-q4_K_M,llm_enriched,qwen3-vl:30b-a3b-instruct-q4_K_M,,"{ ""keep"": true, ""confidence"": ""high"", ""spec_id"": ""direct_o0_000010"", ""spec_type"": ""direct_is_enough_o0_single_target"", ""target_visible_ok"": ""yes"", ""helper_absent_ok"": ""yes"", ""helper_visible_ok"": ""not_applicable"", ""target_absent_ok"": ""not_applicable"", ""forbidden_object_leakage"": ""no"", ""count_reasonable"": ""yes"", ""camera_view_ok"": ""yes"", ""scene_compatibility_ok"": ""yes"", ""main_failure_reason"": """", ""one_prompt_fix"": """" }"
direct_o0_000011,direct_is_enough_o0_single_target,O0,/home/yurunze/peter_ws/m2g_learn/20260622Fourlegged_tool_aware/code/AHD-benchmark/data/generated_runs/ahd_cosmos3_raw240/images/o0/direct_o0_000011.jpg,semantic_keep,True,high,False,success,,yes,yes,not_applicable,not_applicable,no,yes,yes,yes,,,qwen3-vl:32b-instruct-q4_K_M,llm_enriched,qwen3-vl:30b-a3b-instruct-q4_K_M,,"{ ""keep"": true, ""confidence"": ""high"", ""spec_id"": ""direct_o0_000011"", ""spec_type"": ""direct_is_enough_o0_single_target"", ""target_visible_ok"": ""yes"", ""helper_absent_ok"": ""yes"", ""helper_visible_ok"": ""not_applicable"", ""target_absent_ok"": ""not_applicable"", ""forbidden_object_leakage"": ""no"", ""count_reasonable"": ""yes"", ""camera_view_ok"": ""yes"", ""scene_compatibility_ok"": ""yes"", ""main_failure_reason"": """", ""one_prompt_fix"": """" }"
direct_o0_000012,direct_is_enough_o0_single_target,O0,/home/yurunze/peter_ws/m2g_learn/20260622Fourlegged_tool_aware/code/AHD-benchmark/data/generated_runs/ahd_cosmos3_raw240/images/o0/direct_o0_000012.jpg,semantic_keep,True,high,False,success,,yes,yes,not_applicable,not_applicable,no,yes,yes,yes,,,qwen3-vl:32b-instruct-q4_K_M,llm_enriched,qwen3-vl:30b-a3b-instruct-q4_K_M,,"{ ""keep"": true, ""confidence"": ""high"", ""spec_id"": ""direct_o0_000012"", ""spec_type"": ""direct_is_enough_o0_single_target"", ""target_visible_ok"": ""yes"", ""helper_absent_ok"": ""yes"", ""helper_visible_ok"": ""not_applicable"", ""target_absent_ok"": ""not_applicable"", ""forbidden_object_leakage"": ""no"", ""count_reasonable"": ""yes"", ""camera_view_ok"": ""yes"", ""scene_compatibility_ok"": ""yes"", ""main_failure_reason"": """", ""one_prompt_fix"": """" }"
direct_o0_000013,direct_is_enough_o0_single_target,O0,/home/yurunze/peter_ws/m2g_learn/20260622Fourlegged_tool_aware/code/AHD-benchmark/data/generated_runs/ahd_cosmos3_raw240/images/o0/direct_o0_000013.jpg,semantic_keep,True,high,False,success,,yes,yes,not_applicable,not_applicable,no,yes,yes,yes,,,qwen3-vl:32b-instruct-q4_K_M,llm_enriched,qwen3-vl:30b-a3b-instruct-q4_K_M,,"{ ""keep"": true, ""confidence"": ""high"", ""spec_id"": ""direct_o0_000013"", ""spec_type"": ""direct_is_enough_o0_single_target"", ""target_visible_ok"": ""yes"", ""helper_absent_ok"": ""yes"", ""helper_visible_ok"": ""not_applicable"", ""target_absent_ok"": ""not_applicable"", ""forbidden_object_leakage"": ""no"", ""count_reasonable"": ""yes"", ""camera_view_ok"": ""yes"", ""scene_compatibility_ok"": ""yes"", ""main_failure_reason"": """", ""one_prompt_fix"": """" }"
direct_o0_000014,direct_is_enough_o0_single_target,O0,/home/yurunze/peter_ws/m2g_learn/20260622Fourlegged_tool_aware/code/AHD-benchmark/data/generated_runs/ahd_cosmos3_raw240/images/o0/direct_o0_000014.jpg,semantic_keep,True,high,False,success,,yes,yes,not_applicable,not_applicable,no,yes,yes,yes,,,qwen3-vl:32b-instruct-q4_K_M,llm_enriched,qwen3-vl:30b-a3b-instruct-q4_K_M,,"{ ""keep"": true, ""confidence"": ""high"", ""spec_id"": ""direct_o0_000014"", ""spec_type"": ""direct_is_enough_o0_single_target"", ""target_visible_ok"": ""yes"", ""helper_absent_ok"": ""yes"", ""helper_visible_ok"": ""not_applicable"", ""target_absent_ok"": ""not_applicable"", ""forbidden_object_leakage"": ""no"", ""count_reasonable"": ""yes"", ""camera_view_ok"": ""yes"", ""scene_compatibility_ok"": ""yes"", ""main_failure_reason"": """", ""one_prompt_fix"": """" }"
direct_o0_000015,direct_is_enough_o0_single_target,O0,/home/yurunze/peter_ws/m2g_learn/20260622Fourlegged_tool_aware/code/AHD-benchmark/data/generated_runs/ahd_cosmos3_raw240/images/o0/direct_o0_000015.jpg,semantic_keep,True,high,False,success,,yes,yes,not_applicable,not_applicable,no,yes,yes,yes,,,qwen3-vl:32b-instruct-q4_K_M,llm_enriched,qwen3-vl:30b-a3b-instruct-q4_K_M,,"{ ""keep"": true, ""confidence"": ""high"", ""spec_id"": ""direct_o0_000015"", ""spec_type"": ""direct_is_enough_o0_single_target"", ""target_visible_ok"": ""yes"", ""helper_absent_ok"": ""yes"", ""helper_visible_ok"": ""not_applicable"", ""target_absent_ok"": ""not_applicable"", ""forbidden_object_leakage"": ""no"", ""count_reasonable"": ""yes"", ""camera_view_ok"": ""yes"", ""scene_compatibility_ok"": ""yes"", ""main_failure_reason"": """", ""one_prompt_fix"": """" }"
direct_o0_000016,direct_is_enough_o0_single_target,O0,/home/yurunze/peter_ws/m2g_learn/20260622Fourlegged_tool_aware/code/AHD-benchmark/data/generated_runs/ahd_cosmos3_raw240/images/o0/direct_o0_000016.jpg,semantic_keep,True,high,False,success,,yes,yes,not_applicable,not_applicable,no,yes,yes,yes,,,qwen3-vl:32b-instruct-q4_K_M,llm_enriched,qwen3-vl:30b-a3b-instruct-q4_K_M,,"{ ""keep"": true, ""confidence"": ""high"", ""spec_id"": ""direct_o0_000016"", ""spec_type"": ""direct_is_enough_o0_single_target"", ""target_visible_ok"": ""yes"", ""helper_absent_ok"": ""yes"", ""helper_visible_ok"": ""not_applicable"", ""target_absent_ok"": ""not_applicable"", ""forbidden_object_leakage"": ""no"", ""count_reasonable"": ""yes"", ""camera_view_ok"": ""yes"", ""scene_compatibility_ok"": ""yes"", ""main_failure_reason"": """", ""one_prompt_fix"": """" }"
direct_o0_000017,direct_is_enough_o0_single_target,O0,/home/yurunze/peter_ws/m2g_learn/20260622Fourlegged_tool_aware/code/AHD-benchmark/data/generated_runs/ahd_cosmos3_raw240/images/o0/direct_o0_000017.jpg,semantic_keep,True,high,False,success,,yes,yes,not_applicable,not_applicable,no,yes,yes,yes,,,qwen3-vl:32b-instruct-q4_K_M,llm_enriched,qwen3-vl:30b-a3b-instruct-q4_K_M,,"{ ""keep"": true, ""confidence"": ""high"", ""spec_id"": ""direct_o0_000017"", ""spec_type"": ""direct_is_enough_o0_single_target"", ""target_visible_ok"": ""yes"", ""helper_absent_ok"": ""yes"", ""helper_visible_ok"": ""not_applicable"", ""target_absent_ok"": ""not_applicable"", ""forbidden_object_leakage"": ""no"", ""count_reasonable"": ""yes"", ""camera_view_ok"": ""yes"", ""scene_compatibility_ok"": ""yes"", ""main_failure_reason"": """", ""one_prompt_fix"": """" }"
direct_o0_000018,direct_is_enough_o0_single_target,O0,/home/yurunze/peter_ws/m2g_learn/20260622Fourlegged_tool_aware/code/AHD-benchmark/data/generated_runs/ahd_cosmos3_raw240/images/o0/direct_o0_000018.jpg,semantic_reject,False,high,False,success,,no,yes,not_applicable,not_applicable,no,no,yes,yes,The image shows two drink bottles instead of one single reachable target as required by the O0 condition for direct_is_enough_o0_single_target.,Use 'a single visible sports drink bottle' instead of implying multiple bottles.,qwen3-vl:32b-instruct-q4_K_M,llm_enriched,qwen3-vl:30b-a3b-instruct-q4_K_M,,"{ ""keep"": false, ""confidence"": ""high"", ""spec_id"": ""direct_o0_000018"", ""spec_type"": ""direct_is_enough_o0_single_target"", ""target_visible_ok"": ""no"", ""helper_absent_ok"": ""yes"", ""helper_visible_ok"": ""not_applicable"", ""target_absent_ok"": ""not_applicable"", ""forbidden_object_leakage"": ""no"", ""count_reasonable"": ""no"", ""camera_view_ok"": ""yes"", ""scene_compatibility_ok"": ""yes"", ""main_failure_reason"": ""The image shows two drink bottles instead of one single reachable target as required by the O0 condition..."
direct_o0_000019,direct_is_enough_o0_single_target,O0,/home/yurunze/peter_ws/m2g_learn/20260622Fourlegged_tool_aware/code/AHD-benchmark/data/generated_runs/ahd_cosmos3_raw240/images/o0/direct_o0_000019.jpg,semantic_keep,True,high,False,success,,yes,yes,not_applicable,not_applicable,no,yes,yes,yes,,,qwen3-vl:32b-instruct-q4_K_M,llm_enriched,qwen3-vl:30b-a3b-instruct-q4_K_M,,"{ ""keep"": true, ""confidence"": ""high"", ""spec_id"": ""direct_o0_000019"", ""spec_type"": ""direct_is_enough_o0_single_target"", ""target_visible_ok"": ""yes"", ""helper_absent_ok"": ""yes"", ""helper_visible_ok"": ""not_applicable"", ""target_absent_ok"": ""not_applicable"", ""forbidden_object_leakage"": ""no"", ""count_reasonable"": ""yes"", ""camera_view_ok"": ""yes"", ""scene_compatibility_ok"": ""yes"", ""main_failure_reason"": """", ""one_prompt_fix"": """" }"
direct_o0_000020,direct_is_enough_o0_single_target,O0,/home/yurunze/peter_ws/m2g_learn/20260622Fourlegged_tool_aware/code/AHD-benchmark/data/generated_runs/ahd_cosmos3_raw240/images/o0/direct_o0_000020.jpg,semantic_keep,True,high,False,success,,yes,yes,not_applicable,not_applicable,no,yes,yes,yes,,,qwen3-vl:32b-instruct-q4_K_M,llm_enriched,qwen3-vl:30b-a3b-instruct-q4_K_M,,"{ ""keep"": true, ""confidence"": ""high"", ""spec_id"": ""direct_o0_000020"", ""spec_type"": ""direct_is_enough_o0_single_target"", ""target_visible_ok"": ""yes"", ""helper_absent_ok"": ""yes"", ""helper_visible_ok"": ""not_applicable"", ""target_absent_ok"": ""not_applicable"", ""forbidden_object_leakage"": ""no"", ""count_reasonable"": ""yes"", ""camera_view_ok"": ""yes"", ""scene_compatibility_ok"": ""yes"", ""main_failure_reason"": """", ""one_prompt_fix"": """" }"
direct_o0_000021,direct_is_enough_o0_single_target,O0,/home/yurunze/peter_ws/m2g_learn/20260622Fourlegged_tool_aware/code/AHD-benchmark/data/generated_runs/ahd_cosmos3_raw240/images/o0/direct_o0_000021.jpg,semantic_keep,True,high,False,success,,yes,yes,not_applicable,not_applicable,no,yes,yes,yes,,,qwen3-vl:32b-instruct-q4_K_M,llm_enriched,qwen3-vl:30b-a3b-instruct-q4_K_M,,"{ ""keep"": true, ""confidence"": ""high"", ""spec_id"": ""direct_o0_000021"", ""spec_type"": ""direct_is_enough_o0_single_target"", ""target_visible_ok"": ""yes"", ""helper_absent_ok"": ""yes"", ""helper_visible_ok"": ""not_applicable"", ""target_absent_ok"": ""not_applicable"", ""forbidden_object_leakage"": ""no"", ""count_reasonable"": ""yes"", ""camera_view_ok"": ""yes"", ""scene_compatibility_ok"": ""yes"", ""main_failure_reason"": """", ""one_prompt_fix"": """" }"
direct_o0_000022,direct_is_enough_o0_single_target,O0,/home/yurunze/peter_ws/m2g_learn/20260622Fourlegged_tool_aware/code/AHD-benchmark/data/generated_runs/ahd_cosmos3_raw240/images/o0/direct_o0_000022.jpg,semantic_keep,True,high,False,success,,yes,yes,not_applicable,not_applicable,no,yes,yes,yes,,,qwen3-vl:32b-instruct-q4_K_M,llm_enriched,qwen3-vl:30b-a3b-instruct-q4_K_M,,"{ ""keep"": true, ""confidence"": ""high"", ""spec_id"": ""direct_o0_000022"", ""spec_type"": ""direct_is_enough_o0_single_target"", ""target_visible_ok"": ""yes"", ""helper_absent_ok"": ""yes"", ""helper_visible_ok"": ""not_applicable"", ""target_absent_ok"": ""not_applicable"", ""forbidden_object_leakage"": ""no"", ""count_reasonable"": ""yes"", ""camera_view_ok"": ""yes"", ""scene_compatibility_ok"": ""yes"", ""main_failure_reason"": """", ""one_prompt_fix"": """" }"
direct_o0_000023,direct_is_enough_o0_single_target,O0,/home/yurunze/peter_ws/m2g_learn/20260622Fourlegged_tool_aware/code/AHD-benchmark/data/generated_runs/ahd_cosmos3_raw240/images/o0/direct_o0_000023.jpg,semantic_reject,False,high,False,success,,no,yes,not_applicable,not_applicable,no,no,uncertain,yes,"The target drink can is not clearly visible; it appears partially cut off and obscured at the bottom of the frame, making it non-reachable or ambiguous in visibility. The scene also includes multiple distractors (mugs) but lacks a single salient reachable drink as required.",Ensure the single target drink can is fully visible and clearly reachable on the shelf edge without being cut off by the image boundary.,qwen3-vl:32b-instruct-q4_K_M,llm_enriched,qwen3-vl:30b-a3b-instruct-q4_K_M,,"{ ""keep"": false, ""confidence"": ""high"", ""spec_id"": ""direct_o0_000023"", ""spec_type"": ""direct_is_enough_o0_single_target"", ""target_visible_ok"": ""no"", ""helper_absent_ok"": ""yes"", ""helper_visible_ok"": ""not_applicable"", ""target_absent_ok"": ""not_applicable"", ""forbidden_object_leakage"": ""no"", ""count_reasonable"": ""no"", ""camera_view_ok"": ""uncertain"", ""scene_compatibility_ok"": ""yes"", ""main_failure_reason"": ""The target drink can is not clearly visible; it appears partially cut off and obscured at the bott..."
direct_o0_000024,direct_is_enough_o0_single_target,O0,/home/yurunze/peter_ws/m2g_learn/20260622Fourlegged_tool_aware/code/AHD-benchmark/data/generated_runs/ahd_cosmos3_raw240/images/o0/direct_o0_000024.jpg,semantic_reject,False,high,False,success,,yes,no,not_applicable,not_applicable,no,yes,yes,yes,"The image contains a cup and an empty mug alongside the water bottle, which are not helper objects but may be interpreted as task-relevant items. However, per spec B (direct_is_enough_o0_single_target), no helper/container/long tool should be visible — while cups/mugs are not helpers, their prese...",Describe only one visible water bottle on the floor with no other objects present.,qwen3-vl:32b-instruct-q4_K_M,llm_enriched,qwen3-vl:30b-a3b-instruct-q4_K_M,,"{ ""keep"": false, ""confidence"": ""high"", ""spec_id"": ""direct_o0_000024"", ""spec_type"": ""direct_is_enough_o0_single_target"", ""target_visible_ok"": ""yes"", ""helper_absent_ok"": ""no"", ""helper_visible_ok"": ""not_applicable"", ""target_absent_ok"": ""not_applicable"", ""forbidden_object_leakage"": ""no"", ""count_reasonable"": ""yes"", ""camera_view_ok"": ""yes"", ""scene_compatibility_ok"": ""yes"", ""main_failure_reason"": ""The image contains a cup and an empty mug alongside the water bottle, which are not helper objects but ..."
direct_o0_000025,direct_is_enough_o0_single_target,O0,/home/yurunze/peter_ws/m2g_learn/20260622Fourlegged_tool_aware/code/AHD-benchmark/data/generated_runs/ahd_cosmos3_raw240/images/o0/direct_o0_000025.jpg,semantic_keep,True,high,False,success,,yes,yes,not_applicable,not_applicable,no,yes,yes,yes,,,qwen3-vl:32b-instruct-q4_K_M,llm_enriched,qwen3-vl:30b-a3b-instruct-q4_K_M,,"{ ""keep"": true, ""confidence"": ""high"", ""spec_id"": ""direct_o0_000025"", ""spec_type"": ""direct_is_enough_o0_single_target"", ""target_visible_ok"": ""yes"", ""helper_absent_ok"": ""yes"", ""helper_visible_ok"": ""not_applicable"", ""target_absent_ok"": ""not_applicable"", ""forbidden_object_leakage"": ""no"", ""count_reasonable"": ""yes"", ""camera_view_ok"": ""yes"", ""scene_compatibility_ok"": ""yes"", ""main_failure_reason"": """", ""one_prompt_fix"": """" }"
direct_o0_000026,direct_is_enough_o0_single_target,O0,/home/yurunze/peter_ws/m2g_learn/20260622Fourlegged_tool_aware/code/AHD-benchmark/data/generated_runs/ahd_cosmos3_raw240/images/o0/direct_o0_000026.jpg,semantic_keep,True,high,False,success,,yes,yes,not_applicable,not_applicable,no,yes,yes,yes,,,qwen3-vl:32b-instruct-q4_K_M,llm_enriched,qwen3-vl:30b-a3b-instruct-q4_K_M,,"{ ""keep"": true, ""confidence"": ""high"", ""spec_id"": ""direct_o0_000026"", ""spec_type"": ""direct_is_enough_o0_single_target"", ""target_visible_ok"": ""yes"", ""helper_absent_ok"": ""yes"", ""helper_visible_ok"": ""not_applicable"", ""target_absent_ok"": ""not_applicable"", ""forbidden_object_leakage"": ""no"", ""count_reasonable"": ""yes"", ""camera_view_ok"": ""yes"", ""scene_compatibility_ok"": ""yes"", ""main_failure_reason"": """", ""one_prompt_fix"": """" }"
direct_o0_000027,direct_is_enough_o0_single_target,O0,/home/yurunze/peter_ws/m2g_learn/20260622Fourlegged_tool_aware/code/AHD-benchmark/data/generated_runs/ahd_cosmos3_raw240/images/o0/direct_o0_000027.jpg,semantic_keep,True,high,False,success,,yes,yes,not_applicable,not_applicable,no,yes,yes,yes,,,qwen3-vl:32b-instruct-q4_K_M,llm_enriched,qwen3-vl:30b-a3b-instruct-q4_K_M,,"{ ""keep"": true, ""confidence"": ""high"", ""spec_id"": ""direct_o0_000027"", ""spec_type"": ""direct_is_enough_o0_single_target"", ""target_visible_ok"": ""yes"", ""helper_absent_ok"": ""yes"", ""helper_visible_ok"": ""not_applicable"", ""target_absent_ok"": ""not_applicable"", ""forbidden_object_leakage"": ""no"", ""count_reasonable"": ""yes"", ""camera_view_ok"": ""yes"", ""scene_compatibility_ok"": ""yes"", ""main_failure_reason"": """", ""one_prompt_fix"": """" }"
direct_o0_000028,direct_is_enough_o0_single_target,O0,/home/yurunze/peter_ws/m2g_learn/20260622Fourlegged_tool_aware/code/AHD-benchmark/data/generated_runs/ahd_cosmos3_raw240/images/o0/direct_o0_000028.jpg,semantic_keep,True,high,False,success,,yes,yes,not_applicable,not_applicable,no,yes,yes,yes,,,qwen3-vl:32b-instruct-q4_K_M,llm_enriched,qwen3-vl:30b-a3b-instruct-q4_K_M,,"{ ""keep"": true, ""confidence"": ""high"", ""spec_id"": ""direct_o0_000028"", ""spec_type"": ""direct_is_enough_o0_single_target"", ""target_visible_ok"": ""yes"", ""helper_absent_ok"": ""yes"", ""helper_visible_ok"": ""not_applicable"", ""target_absent_ok"": ""not_applicable"", ""forbidden_object_leakage"": ""no"", ""count_reasonable"": ""yes"", ""camera_view_ok"": ""yes"", ""scene_compatibility_ok"": ""yes"", ""main_failure_reason"": """", ""one_prompt_fix"": """" }"
direct_o0_000029,direct_is_enough_o0_single_target,O0,/home/yurunze/peter_ws/m2g_learn/20260622Fourlegged_tool_aware/code/AHD-benchmark/data/generated_runs/ahd_cosmos3_raw240/images/o0/direct_o0_000029.jpg,semantic_keep,True,high,False,success,,yes,yes,not_applicable,not_applicable,no,yes,yes,yes,,,qwen3-vl:32b-instruct-q4_K_M,llm_enriched,qwen3-vl:30b-a3b-instruct-q4_K_M,,"{ ""keep"": true, ""confidence"": ""high"", ""spec_id"": ""direct_o0_000029"", ""spec_type"": ""direct_is_enough_o0_single_target"", ""target_visible_ok"": ""yes"", ""helper_absent_ok"": ""yes"", ""helper_visible_ok"": ""not_applicable"", ""target_absent_ok"": ""not_applicable"", ""forbidden_object_leakage"": ""no"", ""count_reasonable"": ""yes"", ""camera_view_ok"": ""yes"", ""scene_compatibility_ok"": ""yes"", ""main_failure_reason"": """", ""one_prompt_fix"": """" }"
direct_o0_000030,direct_is_enough_o0_single_target,O0,/home/yurunze/peter_ws/m2g_learn/20260622Fourlegged_tool_aware/code/AHD-benchmark/data/generated_runs/ahd_cosmos3_raw240/images/o0/direct_o0_000030.jpg,semantic_keep,True,high,False,success,,yes,yes,not_applicable,not_applicable,no,yes,yes,yes,,,qwen3-vl:32b-instruct-q4_K_M,llm_enriched,qwen3-vl:30b-a3b-instruct-q4_K_M,,"{ ""keep"": true, ""confidence"": ""high"", ""spec_id"": ""direct_o0_000030"", ""spec_type"": ""direct_is_enough_o0_single_target"", ""target_visible_ok"": ""yes"", ""helper_absent_ok"": ""yes"", ""helper_visible_ok"": ""not_applicable"", ""target_absent_ok"": ""not_applicable"", ""forbidden_object_leakage"": ""no"", ""count_reasonable"": ""yes"", ""camera_view_ok"": ""yes"", ""scene_compatibility_ok"": ""yes"", ""main_failure_reason"": """", ""one_prompt_fix"": """" }"
direct_o0_000031,direct_is_enough_o0_single_target,O0,/home/yurunze/peter_ws/m2g_learn/20260622Fourlegged_tool_aware/code/AHD-benchmark/data/generated_runs/ahd_cosmos3_raw240/images/o0/direct_o0_000031.jpg,semantic_keep,True,high,False,success,,yes,yes,not_applicable,not_applicable,no,yes,yes,yes,,,qwen3-vl:32b-instruct-q4_K_M,llm_enriched,qwen3-vl:30b-a3b-instruct-q4_K_M,,"{ ""keep"": true, ""confidence"": ""high"", ""spec_id"": ""direct_o0_000031"", ""spec_type"": ""direct_is_enough_o0_single_target"", ""target_visible_ok"": ""yes"", ""helper_absent_ok"": ""yes"", ""helper_visible_ok"": ""not_applicable"", ""target_absent_ok"": ""not_applicable"", ""forbidden_object_leakage"": ""no"", ""count_reasonable"": ""yes"", ""camera_view_ok"": ""yes"", ""scene_compatibility_ok"": ""yes"", ""main_failure_reason"": """", ""one_prompt_fix"": """" }"
direct_o0_000032,direct_is_enough_o0_single_target,O0,/home/yurunze/peter_ws/m2g_learn/20260622Fourlegged_tool_aware/code/AHD-benchmark/data/generated_runs/ahd_cosmos3_raw240/images/o0/direct_o0_000032.jpg,semantic_keep,True,high,False,success,,yes,yes,not_applicable,not_applicable,no,yes,yes,yes,,,qwen3-vl:32b-instruct-q4_K_M,llm_enriched,qwen3-vl:30b-a3b-instruct-q4_K_M,,"{ ""keep"": true, ""confidence"": ""high"", ""spec_id"": ""direct_o0_000032"", ""spec_type"": ""direct_is_enough_o0_single_target"", ""target_visible_ok"": ""yes"", ""helper_absent_ok"": ""yes"", ""helper_visible_ok"": ""not_applicable"", ""target_absent_ok"": ""not_applicable"", ""forbidden_object_leakage"": ""no"", ""count_reasonable"": ""yes"", ""camera_view_ok"": ""yes"", ""scene_compatibility_ok"": ""yes"", ""main_failure_reason"": """", ""one_prompt_fix"": """" }"
direct_o0_000033,direct_is_enough_o0_single_target,O0,/home/yurunze/peter_ws/m2g_learn/20260622Fourlegged_tool_aware/code/AHD-benchmark/data/generated_runs/ahd_cosmos3_raw240/images/o0/direct_o0_000033.jpg,semantic_keep,True,high,False,success,,yes,yes,not_applicable,not_applicable,no,yes,yes,yes,,,qwen3-vl:32b-instruct-q4_K_M,llm_enriched,qwen3-vl:30b-a3b-instruct-q4_K_M,,"{ ""keep"": true, ""confidence"": ""high"", ""spec_id"": ""direct_o0_000033"", ""spec_type"": ""direct_is_enough_o0_single_target"", ""target_visible_ok"": ""yes"", ""helper_absent_ok"": ""yes"", ""helper_visible_ok"": ""not_applicable"", ""target_absent_ok"": ""not_applicable"", ""forbidden_object_leakage"": ""no"", ""count_reasonable"": ""yes"", ""camera_view_ok"": ""yes"", ""scene_compatibility_ok"": ""yes"", ""main_failure_reason"": """", ""one_prompt_fix"": """" }"
direct_o0_000034,direct_is_enough_o0_single_target,O0,/home/yurunze/peter_ws/m2g_learn/20260622Fourlegged_tool_aware/code/AHD-benchmark/data/generated_runs/ahd_cosmos3_raw240/images/o0/direct_o0_000034.jpg,semantic_keep,True,high,False,success,,yes,yes,not_applicable,not_applicable,no,yes,yes,yes,,,qwen3-vl:32b-instruct-q4_K_M,llm_enriched,qwen3-vl:30b-a3b-instruct-q4_K_M,,"{ ""keep"": true, ""confidence"": ""high"", ""spec_id"": ""direct_o0_000034"", ""spec_type"": ""direct_is_enough_o0_single_target"", ""target_visible_ok"": ""yes"", ""helper_absent_ok"": ""yes"", ""helper_visible_ok"": ""not_applicable"", ""target_absent_ok"": ""not_applicable"", ""forbidden_object_leakage"": ""no"", ""count_reasonable"": ""yes"", ""camera_view_ok"": ""yes"", ""scene_compatibility_ok"": ""yes"", ""main_failure_reason"": """", ""one_prompt_fix"": """" }"
direct_o0_000035,direct_is_enough_o0_single_target,O0,/home/yurunze/peter_ws/m2g_learn/20260622Fourlegged_tool_aware/code/AHD-benchmark/data/generated_runs/ahd_cosmos3_raw240/images/o0/direct_o0_000035.jpg,semantic_keep,True,high,False,success,,yes,yes,not_applicable,not_applicable,no,yes,yes,yes,,,qwen3-vl:32b-instruct-q4_K_M,llm_enriched,qwen3-vl:30b-a3b-instruct-q4_K_M,,"{ ""keep"": true, ""confidence"": ""high"", ""spec_id"": ""direct_o0_000035"", ""spec_type"": ""direct_is_enough_o0_single_target"", ""target_visible_ok"": ""yes"", ""helper_absent_ok"": ""yes"", ""helper_visible_ok"": ""not_applicable"", ""target_absent_ok"": ""not_applicable"", ""forbidden_object_leakage"": ""no"", ""count_reasonable"": ""yes"", ""camera_view_ok"": ""yes"", ""scene_compatibility_ok"": ""yes"", ""main_failure_reason"": """", ""one_prompt_fix"": """" }"
direct_o0_000036,direct_is_enough_o0_single_target,O0,/home/yurunze/peter_ws/m2g_learn/20260622Fourlegged_tool_aware/code/AHD-benchmark/data/generated_runs/ahd_cosmos3_raw240/images/o0/direct_o0_000036.jpg,semantic_reject,False,high,False,success,,no,yes,not_applicable,not_applicable,no,no,yes,yes,The image shows two drink bottles instead of one single reachable target bottle as required by the O0 condition for direct_is_enough_o0_single_target.,Use 'a single visible sports drink bottle' instead of implying multiple bottles.,qwen3-vl:32b-instruct-q4_K_M,llm_enriched,qwen3-vl:30b-a3b-instruct-q4_K_M,,"{ ""keep"": false, ""confidence"": ""high"", ""spec_id"": ""direct_o0_000036"", ""spec_type"": ""direct_is_enough_o0_single_target"", ""target_visible_ok"": ""no"", ""helper_absent_ok"": ""yes"", ""helper_visible_ok"": ""not_applicable"", ""target_absent_ok"": ""not_applicable"", ""forbidden_object_leakage"": ""no"", ""count_reasonable"": ""no"", ""camera_view_ok"": ""yes"", ""scene_compatibility_ok"": ""yes"", ""main_failure_reason"": ""The image shows two drink bottles instead of one single reachable target bottle as required by the O0 co..."
direct_o0_000037,direct_is_enough_o0_single_target,O0,/home/yurunze/peter_ws/m2g_learn/20260622Fourlegged_tool_aware/code/AHD-benchmark/data/generated_runs/ahd_cosmos3_raw240/images/o0/direct_o0_000037.jpg,semantic_keep,True,high,False,success,,yes,yes,not_applicable,not_applicable,no,yes,yes,yes,,,qwen3-vl:32b-instruct-q4_K_M,llm_enriched,qwen3-vl:30b-a3b-instruct-q4_K_M,,"{ ""keep"": true, ""confidence"": ""high"", ""spec_id"": ""direct_o0_000037"", ""spec_type"": ""direct_is_enough_o0_single_target"", ""target_visible_ok"": ""yes"", ""helper_absent_ok"": ""yes"", ""helper_visible_ok"": ""not_applicable"", ""target_absent_ok"": ""not_applicable"", ""forbidden_object_leakage"": ""no"", ""count_reasonable"": ""yes"", ""camera_view_ok"": ""yes"", ""scene_compatibility_ok"": ""yes"", ""main_failure_reason"": """", ""one_prompt_fix"": """" }"
direct_o0_000038,direct_is_enough_o0_single_target,O0,/home/yurunze/peter_ws/m2g_learn/20260622Fourlegged_tool_aware/code/AHD-benchmark/data/generated_runs/ahd_cosmos3_raw240/images/o0/direct_o0_000038.jpg,semantic_keep,True,high,False,success,,yes,yes,not_applicable,not_applicable,no,yes,yes,yes,,,qwen3-vl:32b-instruct-q4_K_M,llm_enriched,qwen3-vl:30b-a3b-instruct-q4_K_M,,"{ ""keep"": true, ""confidence"": ""high"", ""spec_id"": ""direct_o0_000038"", ""spec_type"": ""direct_is_enough_o0_single_target"", ""target_visible_ok"": ""yes"", ""helper_absent_ok"": ""yes"", ""helper_visible_ok"": ""not_applicable"", ""target_absent_ok"": ""not_applicable"", ""forbidden_object_leakage"": ""no"", ""count_reasonable"": ""yes"", ""camera_view_ok"": ""yes"", ""scene_compatibility_ok"": ""yes"", ""main_failure_reason"": """", ""one_prompt_fix"": """" }"
direct_o0_000039,direct_is_enough_o0_single_target,O0,/home/yurunze/peter_ws/m2g_learn/20260622Fourlegged_tool_aware/code/AHD-benchmark/data/generated_runs/ahd_cosmos3_raw240/images/o0/direct_o0_000039.jpg,semantic_keep,True,high,False,success,,yes,yes,not_applicable,not_applicable,no,yes,yes,yes,,,qwen3-vl:32b-instruct-q4_K_M,llm_enriched,qwen3-vl:30b-a3b-instruct-q4_K_M,,"{ ""keep"": true, ""confidence"": ""high"", ""spec_id"": ""direct_o0_000039"", ""spec_type"": ""direct_is_enough_o0_single_target"", ""target_visible_ok"": ""yes"", ""helper_absent_ok"": ""yes"", ""helper_visible_ok"": ""not_applicable"", ""target_absent_ok"": ""not_applicable"", ""forbidden_object_leakage"": ""no"", ""count_reasonable"": ""yes"", ""camera_view_ok"": ""yes"", ""scene_compatibility_ok"": ""yes"", ""main_failure_reason"": """", ""one_prompt_fix"": """" }"
direct_o0_000040,direct_is_enough_o0_single_target,O0,/home/yurunze/peter_ws/m2g_learn/20260622Fourlegged_tool_aware/code/AHD-benchmark/data/generated_runs/ahd_cosmos3_raw240/images/o0/direct_o0_000040.jpg,generation_failed,False,low,False,failed,"this_model_output=model_output_convert, ...<2 lines>... order=self.this_order, ) File ""/home/yurunze/peter_ws/m2g_learn/20260622Fourlegged_tool_aware/code/cosmos3/framework/cosmos_framework/model/generator/diffusion/samplers/fm_solvers_unipc.py"", line 583, in multistep_uni_c_bh_update rhos_c = to...",uncertain,uncertain,not_applicable,not_applicable,uncertain,uncertain,uncertain,uncertain,"this_model_output=model_output_convert, ...<2 lines>... order=self.this_order, ) File ""/home/yurunze/peter_ws/m2g_learn/20260622Fourlegged_tool_aware/code/cosmos3/framework/cosmos_framework/model/generator/diffusion/samplers/fm_solvers_unipc.py"", line 583, in multistep_uni_c_bh_update rhos_c = to...",Rerun this generation row after freeing GPU memory or moving Cosmos3 to an available GPU.,qwen3-vl:32b-instruct-q4_K_M,llm_enriched,qwen3-vl:30b-a3b-instruct-q4_K_M,,
reach_o0_000001,extend_reach_o0_target_under_furniture,O0,/home/yurunze/peter_ws/m2g_learn/20260622Fourlegged_tool_aware/code/AHD-benchmark/data/generated_runs/ahd_cosmos3_raw240/images/o0/reach_o0_000001.jpg,semantic_keep,True,high,False,success,,yes,yes,not_applicable,not_applicable,no,not_applicable,yes,yes,,,qwen3-vl:32b-instruct-q4_K_M,llm_enriched,qwen3-vl:30b-a3b-instruct-q4_K_M,,"{ ""keep"": true, ""confidence"": ""high"", ""spec_id"": ""reach_o0_000001"", ""spec_type"": ""extend_reach_o0_target_under_furniture"", ""target_visible_ok"": ""yes"", ""helper_absent_ok"": ""yes"", ""helper_visible_ok"": ""not_applicable"", ""target_absent_ok"": ""not_applicable"", ""forbidden_object_leakage"": ""no"", ""count_reasonable"": ""not_applicable"", ""camera_view_ok"": ""yes"", ""scene_compatibility_ok"": ""yes"", ""main_failure_reason"": """", ""one_prompt_fix"": """" }"
reach_o0_000002,extend_reach_o0_target_under_furniture,O0,/home/yurunze/peter_ws/m2g_learn/20260622Fourlegged_tool_aware/code/AHD-benchmark/data/generated_runs/ahd_cosmos3_raw240/images/o0/reach_o0_000002.jpg,semantic_keep,True,high,False,success,,yes,yes,not_applicable,not_applicable,no,not_applicable,yes,yes,,,qwen3-vl:32b-instruct-q4_K_M,llm_enriched,qwen3-vl:30b-a3b-instruct-q4_K_M,,"{ ""keep"": true, ""confidence"": ""high"", ""spec_id"": ""reach_o0_000002"", ""spec_type"": ""extend_reach_o0_target_under_furniture"", ""target_visible_ok"": ""yes"", ""helper_absent_ok"": ""yes"", ""helper_visible_ok"": ""not_applicable"", ""target_absent_ok"": ""not_applicable"", ""forbidden_object_leakage"": ""no"", ""count_reasonable"": ""not_applicable"", ""camera_view_ok"": ""yes"", ""scene_compatibility_ok"": ""yes"", ""main_failure_reason"": """", ""one_prompt_fix"": """" }"
reach_o0_000003,extend_reach_o0_target_under_furniture,O0,/home/yurunze/peter_ws/m2g_learn/20260622Fourlegged_tool_aware/code/AHD-benchmark/data/generated_runs/ahd_cosmos3_raw240/images/o0/reach_o0_000003.jpg,semantic_keep,True,high,False,success,,yes,yes,not_applicable,not_applicable,no,not_applicable,yes,yes,,,qwen3-vl:32b-instruct-q4_K_M,llm_enriched,qwen3-vl:30b-a3b-instruct-q4_K_M,,"{ ""keep"": true, ""confidence"": ""high"", ""spec_id"": ""reach_o0_000003"", ""spec_type"": ""extend_reach_o0_target_under_furniture"", ""target_visible_ok"": ""yes"", ""helper_absent_ok"": ""yes"", ""helper_visible_ok"": ""not_applicable"", ""target_absent_ok"": ""not_applicable"", ""forbidden_object_leakage"": ""no"", ""count_reasonable"": ""not_applicable"", ""camera_view_ok"": ""yes"", ""scene_compatibility_ok"": ""yes"", ""main_failure_reason"": """", ""one_prompt_fix"": """" }"
reach_o0_000004,extend_reach_o0_target_under_furniture,O0,/home/yurunze/peter_ws/m2g_learn/20260622Fourlegged_tool_aware/code/AHD-benchmark/data/generated_runs/ahd_cosmos3_raw240/images/o0/reach_o0_000004.jpg,semantic_keep,True,high,False,success,,yes,yes,not_applicable,not_applicable,no,not_applicable,yes,yes,,,qwen3-vl:32b-instruct-q4_K_M,llm_enriched,qwen3-vl:30b-a3b-instruct-q4_K_M,,"{ ""keep"": true, ""confidence"": ""high"", ""spec_id"": ""reach_o0_000004"", ""spec_type"": ""extend_reach_o0_target_under_furniture"", ""target_visible_ok"": ""yes"", ""helper_absent_ok"": ""yes"", ""helper_visible_ok"": ""not_applicable"", ""target_absent_ok"": ""not_applicable"", ""forbidden_object_leakage"": ""no"", ""count_reasonable"": ""not_applicable"", ""camera_view_ok"": ""yes"", ""scene_compatibility_ok"": ""yes"", ""main_failure_reason"": """", ""one_prompt_fix"": """" }"
reach_o0_000005,extend_reach_o0_target_under_furniture,O0,/home/yurunze/peter_ws/m2g_learn/20260622Fourlegged_tool_aware/code/AHD-benchmark/data/generated_runs/ahd_cosmos3_raw240/images/o0/reach_o0_000005.jpg,semantic_keep,True,high,False,success,,yes,yes,not_applicable,not_applicable,no,not_applicable,yes,yes,,,qwen3-vl:32b-instruct-q4_K_M,llm_enriched,qwen3-vl:30b-a3b-instruct-q4_K_M,,"{ ""keep"": true, ""confidence"": ""high"", ""spec_id"": ""reach_o0_000005"", ""spec_type"": ""extend_reach_o0_target_under_furniture"", ""target_visible_ok"": ""yes"", ""helper_absent_ok"": ""yes"", ""helper_visible_ok"": ""not_applicable"", ""target_absent_ok"": ""not_applicable"", ""forbidden_object_leakage"": ""no"", ""count_reasonable"": ""not_applicable"", ""camera_view_ok"": ""yes"", ""scene_compatibility_ok"": ""yes"", ""main_failure_reason"": """", ""one_prompt_fix"": """" }"
reach_o0_000006,extend_reach_o0_target_under_furniture,O0,/home/yurunze/peter_ws/m2g_learn/20260622Fourlegged_tool_aware/code/AHD-benchmark/data/generated_runs/ahd_cosmos3_raw240/images/o0/reach_o0_000006.jpg,semantic_keep,True,high,False,success,,yes,yes,not_applicable,not_applicable,no,not_applicable,yes,yes,,,qwen3-vl:32b-instruct-q4_K_M,llm_enriched,qwen3-vl:30b-a3b-instruct-q4_K_M,,"{ ""keep"": true, ""confidence"": ""high"", ""spec_id"": ""reach_o0_000006"", ""spec_type"": ""extend_reach_o0_target_under_furniture"", ""target_visible_ok"": ""yes"", ""helper_absent_ok"": ""yes"", ""helper_visible_ok"": ""not_applicable"", ""target_absent_ok"": ""not_applicable"", ""forbidden_object_leakage"": ""no"", ""count_reasonable"": ""not_applicable"", ""camera_view_ok"": ""yes"", ""scene_compatibility_ok"": ""yes"", ""main_failure_reason"": """", ""one_prompt_fix"": """" }"
reach_o0_000007,extend_reach_o0_target_under_furniture,O0,/home/yurunze/peter_ws/m2g_learn/20260622Fourlegged_tool_aware/code/AHD-benchmark/data/generated_runs/ahd_cosmos3_raw240/images/o0/reach_o0_000007.jpg,semantic_keep,True,high,False,success,,yes,yes,not_applicable,not_applicable,no,not_applicable,yes,yes,,,qwen3-vl:32b-instruct-q4_K_M,llm_enriched,qwen3-vl:30b-a3b-instruct-q4_K_M,,"{ ""keep"": true, ""confidence"": ""high"", ""spec_id"": ""reach_o0_000007"", ""spec_type"": ""extend_reach_o0_target_under_furniture"", ""target_visible_ok"": ""yes"", ""helper_absent_ok"": ""yes"", ""helper_visible_ok"": ""not_applicable"", ""target_absent_ok"": ""not_applicable"", ""forbidden_object_leakage"": ""no"", ""count_reasonable"": ""not_applicable"", ""camera_view_ok"": ""yes"", ""scene_compatibility_ok"": ""yes"", ""main_failure_reason"": """", ""one_prompt_fix"": """" }"
reach_o0_000008,extend_reach_o0_target_under_furniture,O0,/home/yurunze/peter_ws/m2g_learn/20260622Fourlegged_tool_aware/code/AHD-benchmark/data/generated_runs/ahd_cosmos3_raw240/images/o0/reach_o0_000008.jpg,semantic_reject,False,high,False,success,,yes,yes,not_applicable,not_applicable,no,not_applicable,yes,no,"The target object (a toy) is visible under a cabinet, which is compatible with the kitchen setting. However, the scene includes a notebook and cloth on the counter that are not relevant to the task of reaching under furniture for an object, potentially distracting from the core condition. More cr...","Specify that the target under the cabinet should be a realistic kitchen object like a bottle or can, not a toy.",qwen3-vl:32b-instruct-q4_K_M,llm_enriched,qwen3-vl:30b-a3b-instruct-q4_K_M,,"{ ""keep"": false, ""confidence"": ""high"", ""spec_id"": ""reach_o0_000008"", ""spec_type"": ""extend_reach_o0_target_under_furniture"", ""target_visible_ok"": ""yes"", ""helper_absent_ok"": ""yes"", ""helper_visible_ok"": ""not_applicable"", ""target_absent_ok"": ""not_applicable"", ""forbidden_object_leakage"": ""no"", ""count_reasonable"": ""not_applicable"", ""camera_view_ok"": ""yes"", ""scene_compatibility_ok"": ""no"", ""main_failure_reason"": ""The target object (a toy) is visible under a cabinet, which is compatible with the kitch..."
reach_o0_000009,extend_reach_o0_target_under_furniture,O0,/home/yurunze/peter_ws/m2g_learn/20260622Fourlegged_tool_aware/code/AHD-benchmark/data/generated_runs/ahd_cosmos3_raw240/images/o0/reach_o0_000009.jpg,semantic_keep,True,high,False,success,,yes,yes,not_applicable,not_applicable,no,not_applicable,yes,yes,,,qwen3-vl:32b-instruct-q4_K_M,llm_enriched,qwen3-vl:30b-a3b-instruct-q4_K_M,,"{ ""keep"": true, ""confidence"": ""high"", ""spec_id"": ""reach_o0_000009"", ""spec_type"": ""extend_reach_o0_target_under_furniture"", ""target_visible_ok"": ""yes"", ""helper_absent_ok"": ""yes"", ""helper_visible_ok"": ""not_applicable"", ""target_absent_ok"": ""not_applicable"", ""forbidden_object_leakage"": ""no"", ""count_reasonable"": ""not_applicable"", ""camera_view_ok"": ""yes"", ""scene_compatibility_ok"": ""yes"", ""main_failure_reason"": """", ""one_prompt_fix"": """" }"
reach_o0_000010,extend_reach_o0_target_under_furniture,O0,/home/yurunze/peter_ws/m2g_learn/20260622Fourlegged_tool_aware/code/AHD-benchmark/data/generated_runs/ahd_cosmos3_raw240/images/o0/reach_o0_000010.jpg,semantic_keep,True,high,False,success,,yes,yes,not_applicable,not_applicable,no,not_applicable,yes,yes,,,qwen3-vl:32b-instruct-q4_K_M,llm_enriched,qwen3-vl:30b-a3b-instruct-q4_K_M,,"{ ""keep"": true, ""confidence"": ""high"", ""spec_id"": ""reach_o0_000010"", ""spec_type"": ""extend_reach_o0_target_under_furniture"", ""target_visible_ok"": ""yes"", ""helper_absent_ok"": ""yes"", ""helper_visible_ok"": ""not_applicable"", ""target_absent_ok"": ""not_applicable"", ""forbidden_object_leakage"": ""no"", ""count_reasonable"": ""not_applicable"", ""camera_view_ok"": ""yes"", ""scene_compatibility_ok"": ""yes"", ""main_failure_reason"": """", ""one_prompt_fix"": """" }"
reach_o0_000011,extend_reach_o0_target_under_furniture,O0,/home/yurunze/peter_ws/m2g_learn/20260622Fourlegged_tool_aware/code/AHD-benchmark/data/generated_runs/ahd_cosmos3_raw240/images/o0/reach_o0_000011.jpg,semantic_keep,True,high,False,success,,yes,yes,not_applicable,not_applicable,no,not_applicable,yes,yes,,,qwen3-vl:32b-instruct-q4_K_M,llm_enriched,qwen3-vl:30b-a3b-instruct-q4_K_M,,"{ ""keep"": true, ""confidence"": ""high"", ""spec_id"": ""reach_o0_000011"", ""spec_type"": ""extend_reach_o0_target_under_furniture"", ""target_visible_ok"": ""yes"", ""helper_absent_ok"": ""yes"", ""helper_visible_ok"": ""not_applicable"", ""target_absent_ok"": ""not_applicable"", ""forbidden_object_leakage"": ""no"", ""count_reasonable"": ""not_applicable"", ""camera_view_ok"": ""yes"", ""scene_compatibility_ok"": ""yes"", ""main_failure_reason"": """", ""one_prompt_fix"": """" }"
reach_o0_000012,extend_reach_o0_target_under_furniture,O0,/home/yurunze/peter_ws/m2g_learn/20260622Fourlegged_tool_aware/code/AHD-benchmark/data/generated_runs/ahd_cosmos3_raw240/images/o0/reach_o0_000012.jpg,semantic_keep,True,high,False,success,,yes,yes,not_applicable,not_applicable,no,not_applicable,yes,yes,,,qwen3-vl:32b-instruct-q4_K_M,llm_enriched,qwen3-vl:30b-a3b-instruct-q4_K_M,,"{ ""keep"": true, ""confidence"": ""high"", ""spec_id"": ""reach_o0_000012"", ""spec_type"": ""extend_reach_o0_target_under_furniture"", ""target_visible_ok"": ""yes"", ""helper_absent_ok"": ""yes"", ""helper_visible_ok"": ""not_applicable"", ""target_absent_ok"": ""not_applicable"", ""forbidden_object_leakage"": ""no"", ""count_reasonable"": ""not_applicable"", ""camera_view_ok"": ""yes"", ""scene_compatibility_ok"": ""yes"", ""main_failure_reason"": """", ""one_prompt_fix"": """" }"
reach_o0_000013,extend_reach_o0_target_under_furniture,O0,/home/yurunze/peter_ws/m2g_learn/20260622Fourlegged_tool_aware/code/AHD-benchmark/data/generated_runs/ahd_cosmos3_raw240/images/o0/reach_o0_000013.jpg,semantic_keep,True,high,False,success,,yes,yes,not_applicable,not_applicable,no,not_applicable,yes,yes,,,qwen3-vl:32b-instruct-q4_K_M,llm_enriched,qwen3-vl:30b-a3b-instruct-q4_K_M,,"{ ""keep"": true, ""confidence"": ""high"", ""spec_id"": ""reach_o0_000013"", ""spec_type"": ""extend_reach_o0_target_under_furniture"", ""target_visible_ok"": ""yes"", ""helper_absent_ok"": ""yes"", ""helper_visible_ok"": ""not_applicable"", ""target_absent_ok"": ""not_applicable"", ""forbidden_object_leakage"": ""no"", ""count_reasonable"": ""not_applicable"", ""camera_view_ok"": ""yes"", ""scene_compatibility_ok"": ""yes"", ""main_failure_reason"": """", ""one_prompt_fix"": """" }"
reach_o0_000014,extend_reach_o0_target_under_furniture,O0,/home/yurunze/peter_ws/m2g_learn/20260622Fourlegged_tool_aware/code/AHD-benchmark/data/generated_runs/ahd_cosmos3_raw240/images/o0/reach_o0_000014.jpg,semantic_keep,True,high,False,success,,yes,yes,not_applicable,not_applicable,no,not_applicable,yes,yes,,,qwen3-vl:32b-instruct-q4_K_M,llm_enriched,qwen3-vl:30b-a3b-instruct-q4_K_M,,"{ ""keep"": true, ""confidence"": ""high"", ""spec_id"": ""reach_o0_000014"", ""spec_type"": ""extend_reach_o0_target_under_furniture"", ""target_visible_ok"": ""yes"", ""helper_absent_ok"": ""yes"", ""helper_visible_ok"": ""not_applicable"", ""target_absent_ok"": ""not_applicable"", ""forbidden_object_leakage"": ""no"", ""count_reasonable"": ""not_applicable"", ""camera_view_ok"": ""yes"", ""scene_compatibility_ok"": ""yes"", ""main_failure_reason"": """", ""one_prompt_fix"": """" }"
reach_o0_000015,extend_reach_o0_target_under_furniture,O0,/home/yurunze/peter_ws/m2g_learn/20260622Fourlegged_tool_aware/code/AHD-benchmark/data/generated_runs/ahd_cosmos3_raw240/images/o0/reach_o0_000015.jpg,semantic_keep,True,high,False,success,,yes,yes,not_applicable,not_applicable,no,not_applicable,yes,yes,,,qwen3-vl:32b-instruct-q4_K_M,llm_enriched,qwen3-vl:30b-a3b-instruct-q4_K_M,,"{ ""keep"": true, ""confidence"": ""high"", ""spec_id"": ""reach_o0_000015"", ""spec_type"": ""extend_reach_o0_target_under_furniture"", ""target_visible_ok"": ""yes"", ""helper_absent_ok"": ""yes"", ""helper_visible_ok"": ""not_applicable"", ""target_absent_ok"": ""not_applicable"", ""forbidden_object_leakage"": ""no"", ""count_reasonable"": ""not_applicable"", ""camera_view_ok"": ""yes"", ""scene_compatibility_ok"": ""yes"", ""main_failure_reason"": """", ""one_prompt_fix"": """" }"
reach_o0_000016,extend_reach_o0_target_under_furniture,O0,/home/yurunze/peter_ws/m2g_learn/20260622Fourlegged_tool_aware/code/AHD-benchmark/data/generated_runs/ahd_cosmos3_raw240/images/o0/reach_o0_000016.jpg,semantic_keep,True,high,False,success,,yes,yes,not_applicable,not_applicable,no,not_applicable,yes,yes,,,qwen3-vl:32b-instruct-q4_K_M,llm_enriched,qwen3-vl:30b-a3b-instruct-q4_K_M,,"{ ""keep"": true, ""confidence"": ""high"", ""spec_id"": ""reach_o0_000016"", ""spec_type"": ""extend_reach_o0_target_under_furniture"", ""target_visible_ok"": ""yes"", ""helper_absent_ok"": ""yes"", ""helper_visible_ok"": ""not_applicable"", ""target_absent_ok"": ""not_applicable"", ""forbidden_object_leakage"": ""no"", ""count_reasonable"": ""not_applicable"", ""camera_view_ok"": ""yes"", ""scene_compatibility_ok"": ""yes"", ""main_failure_reason"": """", ""one_prompt_fix"": """" }"
reach_o0_000017,extend_reach_o0_target_under_furniture,O0,/home/yurunze/peter_ws/m2g_learn/20260622Fourlegged_tool_aware/code/AHD-benchmark/data/generated_runs/ahd_cosmos3_raw240/images/o0/reach_o0_000017.jpg,semantic_keep,True,high,False,success,,yes,yes,not_applicable,not_applicable,no,not_applicable,yes,yes,,,qwen3-vl:32b-instruct-q4_K_M,llm_enriched,qwen3-vl:30b-a3b-instruct-q4_K_M,,"{ ""keep"": true, ""confidence"": ""high"", ""spec_id"": ""reach_o0_000017"", ""spec_type"": ""extend_reach_o0_target_under_furniture"", ""target_visible_ok"": ""yes"", ""helper_absent_ok"": ""yes"", ""helper_visible_ok"": ""not_applicable"", ""target_absent_ok"": ""not_applicable"", ""forbidden_object_leakage"": ""no"", ""count_reasonable"": ""not_applicable"", ""camera_view_ok"": ""yes"", ""scene_compatibility_ok"": ""yes"", ""main_failure_reason"": """", ""one_prompt_fix"": """" }"
reach_o0_000018,extend_reach_o0_target_under_furniture,O0,/home/yurunze/peter_ws/m2g_learn/20260622Fourlegged_tool_aware/code/AHD-benchmark/data/generated_runs/ahd_cosmos3_raw240/images/o0/reach_o0_000018.jpg,semantic_reject,False,high,False,success,,no,yes,not_applicable,not_applicable,no,not_applicable,uncertain,yes,"The target object (small ball) is not visible in the image due to heavy blurring or obscuration, violating the requirement for partial visibility under furniture.",Ensure the small ball is clearly and partially visible underneath the couch without being obscured by blur or overexposure.,qwen3-vl:32b-instruct-q4_K_M,llm_enriched,qwen3-vl:30b-a3b-instruct-q4_K_M,,"{ ""keep"": false, ""confidence"": ""high"", ""spec_id"": ""reach_o0_000018"", ""spec_type"": ""extend_reach_o0_target_under_furniture"", ""target_visible_ok"": ""no"", ""helper_absent_ok"": ""yes"", ""helper_visible_ok"": ""not_applicable"", ""target_absent_ok"": ""not_applicable"", ""forbidden_object_leakage"": ""no"", ""count_reasonable"": ""not_applicable"", ""camera_view_ok"": ""uncertain"", ""scene_compatibility_ok"": ""yes"", ""main_failure_reason"": ""The target object (small ball) is not visible in the image due to heavy blurring o..."
reach_o0_000019,extend_reach_o0_target_under_furniture,O0,/home/yurunze/peter_ws/m2g_learn/20260622Fourlegged_tool_aware/code/AHD-benchmark/data/generated_runs/ahd_cosmos3_raw240/images/o0/reach_o0_000019.jpg,semantic_keep,True,high,False,success,,yes,yes,not_applicable,not_applicable,no,not_applicable,yes,yes,,,qwen3-vl:32b-instruct-q4_K_M,llm_enriched,qwen3-vl:30b-a3b-instruct-q4_K_M,,"{ ""keep"": true, ""confidence"": ""high"", ""spec_id"": ""reach_o0_000019"", ""spec_type"": ""extend_reach_o0_target_under_furniture"", ""target_visible_ok"": ""yes"", ""helper_absent_ok"": ""yes"", ""helper_visible_ok"": ""not_applicable"", ""target_absent_ok"": ""not_applicable"", ""forbidden_object_leakage"": ""no"", ""count_reasonable"": ""not_applicable"", ""camera_view_ok"": ""yes"", ""scene_compatibility_ok"": ""yes"", ""main_failure_reason"": """", ""one_prompt_fix"": """" }"
reach_o0_000020,extend_reach_o0_target_under_furniture,O0,/home/yurunze/peter_ws/m2g_learn/20260622Fourlegged_tool_aware/code/AHD-benchmark/data/generated_runs/ahd_cosmos3_raw240/images/o0/reach_o0_000020.jpg,semantic_keep,True,high,False,success,,yes,yes,not_applicable,not_applicable,no,not_applicable,yes,yes,,,qwen3-vl:32b-instruct-q4_K_M,llm_enriched,qwen3-vl:30b-a3b-instruct-q4_K_M,,"{ ""keep"": true, ""confidence"": ""high"", ""spec_id"": ""reach_o0_000020"", ""spec_type"": ""extend_reach_o0_target_under_furniture"", ""target_visible_ok"": ""yes"", ""helper_absent_ok"": ""yes"", ""helper_visible_ok"": ""not_applicable"", ""target_absent_ok"": ""not_applicable"", ""forbidden_object_leakage"": ""no"", ""count_reasonable"": ""not_applicable"", ""camera_view_ok"": ""yes"", ""scene_compatibility_ok"": ""yes"", ""main_failure_reason"": """", ""one_prompt_fix"": """" }"
reach_o0_000021,extend_reach_o0_target_under_furniture,O0,/home/yurunze/peter_ws/m2g_learn/20260622Fourlegged_tool_aware/code/AHD-benchmark/data/generated_runs/ahd_cosmos3_raw240/images/o0/reach_o0_000021.jpg,generation_failed,False,low,False,failed,"torch.OutOfMemoryError: CUDA out of memory. Tried to allocate 20.00 MiB. GPU 0 has a total capacity of 47.41 GiB of which 16.38 MiB is free. Process 688703 has 16.55 GiB memory in use. Including non-PyTorch memory, this process has 30.82 GiB memory in use. Of the allocated memory 30.52 GiB is all...",uncertain,uncertain,not_applicable,not_applicable,uncertain,uncertain,uncertain,uncertain,"File ""/home/yurunze/peter_ws/m2g_learn/20260622Fourlegged_tool_aware/code/cosmos3/framework/cosmos_framework/model/generator/tokenizers/wan2pt2_vae_4x16x16.py"", line 1194, in encode latent = self.model.encode(videos, self.scale) File ""/home/yurunze/peter_ws/m2g_learn/20260622Fourlegged_tool_aware...",Rerun this generation row after freeing GPU memory or moving Cosmos3 to an available GPU.,qwen3-vl:32b-instruct-q4_K_M,llm_enriched,qwen3-vl:30b-a3b-instruct-q4_K_M,,
reach_o0_000022,extend_reach_o0_target_under_furniture,O0,/home/yurunze/peter_ws/m2g_learn/20260622Fourlegged_tool_aware/code/AHD-benchmark/data/generated_runs/ahd_cosmos3_raw240/images/o0/reach_o0_000022.jpg,semantic_reject,False,high,False,success,,no,yes,not_applicable,not_applicable,no,not_applicable,yes,yes,"The target object (key ring) is not partly visible under the furniture as required; it is fully visible and hanging from the bed frame, which does not satisfy the 'partly visible under compatible furniture' condition for O0.",Describe the key ring as being partially hidden under the bed mattress or bedding to meet the 'partly visible under furniture' requirement.,qwen3-vl:32b-instruct-q4_K_M,llm_enriched,qwen3-vl:30b-a3b-instruct-q4_K_M,,"{ ""keep"": false, ""confidence"": ""high"", ""spec_id"": ""reach_o0_000022"", ""spec_type"": ""extend_reach_o0_target_under_furniture"", ""target_visible_ok"": ""no"", ""helper_absent_ok"": ""yes"", ""helper_visible_ok"": ""not_applicable"", ""target_absent_ok"": ""not_applicable"", ""forbidden_object_leakage"": ""no"", ""count_reasonable"": ""not_applicable"", ""camera_view_ok"": ""yes"", ""scene_compatibility_ok"": ""yes"", ""main_failure_reason"": ""The target object (key ring) is not partly visible under the furniture as required; it i..."
reach_o0_000023,extend_reach_o0_target_under_furniture,O0,/home/yurunze/peter_ws/m2g_learn/20260622Fourlegged_tool_aware/code/AHD-benchmark/data/generated_runs/ahd_cosmos3_raw240/images/o0/reach_o0_000023.jpg,semantic_keep,True,high,False,success,,yes,yes,not_applicable,not_applicable,no,not_applicable,yes,yes,,,qwen3-vl:32b-instruct-q4_K_M,llm_enriched,qwen3-vl:30b-a3b-instruct-q4_K_M,,"{ ""keep"": true, ""confidence"": ""high"", ""spec_id"": ""reach_o0_000023"", ""spec_type"": ""extend_reach_o0_target_under_furniture"", ""target_visible_ok"": ""yes"", ""helper_absent_ok"": ""yes"", ""helper_visible_ok"": ""not_applicable"", ""target_absent_ok"": ""not_applicable"", ""forbidden_object_leakage"": ""no"", ""count_reasonable"": ""not_applicable"", ""camera_view_ok"": ""yes"", ""scene_compatibility_ok"": ""yes"", ""main_failure_reason"": """", ""one_prompt_fix"": """" }"
reach_o0_000024,extend_reach_o0_target_under_furniture,O0,/home/yurunze/peter_ws/m2g_learn/20260622Fourlegged_tool_aware/code/AHD-benchmark/data/generated_runs/ahd_cosmos3_raw240/images/o0/reach_o0_000024.jpg,semantic_keep,True,high,False,success,,yes,yes,not_applicable,not_applicable,no,not_applicable,yes,yes,,,qwen3-vl:32b-instruct-q4_K_M,llm_enriched,qwen3-vl:30b-a3b-instruct-q4_K_M,,"{ ""keep"": true, ""confidence"": ""high"", ""spec_id"": ""reach_o0_000024"", ""spec_type"": ""extend_reach_o0_target_under_furniture"", ""target_visible_ok"": ""yes"", ""helper_absent_ok"": ""yes"", ""helper_visible_ok"": ""not_applicable"", ""target_absent_ok"": ""not_applicable"", ""forbidden_object_leakage"": ""no"", ""count_reasonable"": ""not_applicable"", ""camera_view_ok"": ""yes"", ""scene_compatibility_ok"": ""yes"", ""main_failure_reason"": """", ""one_prompt_fix"": """" }"
reach_o0_000025,extend_reach_o0_target_under_furniture,O0,/home/yurunze/peter_ws/m2g_learn/20260622Fourlegged_tool_aware/code/AHD-benchmark/data/generated_runs/ahd_cosmos3_raw240/images/o0/reach_o0_000025.jpg,semantic_reject,False,high,False,success,,no,yes,not_applicable,not_applicable,no,not_applicable,yes,yes,"The target object (remote control) is fully visible on top of the couch, not partly under furniture as required. The remote is clearly accessible and does not appear hard to grasp, violating the 'target under furniture' condition.","Describe the remote control as being partially hidden underneath the low couch cushion, making it difficult to directly grasp.",qwen3-vl:32b-instruct-q4_K_M,llm_enriched,qwen3-vl:30b-a3b-instruct-q4_K_M,,"{ ""keep"": false, ""confidence"": ""high"", ""spec_id"": ""reach_o0_000025"", ""spec_type"": ""extend_reach_o0_target_under_furniture"", ""target_visible_ok"": ""no"", ""helper_absent_ok"": ""yes"", ""helper_visible_ok"": ""not_applicable"", ""target_absent_ok"": ""not_applicable"", ""forbidden_object_leakage"": ""no"", ""count_reasonable"": ""not_applicable"", ""camera_view_ok"": ""yes"", ""scene_compatibility_ok"": ""yes"", ""main_failure_reason"": ""The target object (remote control) is fully visible on top of the couch, not partly unde..."
reach_o0_000026,extend_reach_o0_target_under_furniture,O0,/home/yurunze/peter_ws/m2g_learn/20260622Fourlegged_tool_aware/code/AHD-benchmark/data/generated_runs/ahd_cosmos3_raw240/images/o0/reach_o0_000026.jpg,semantic_keep,True,high,False,success,,yes,yes,not_applicable,not_applicable,no,not_applicable,yes,yes,,,qwen3-vl:32b-instruct-q4_K_M,llm_enriched,qwen3-vl:30b-a3b-instruct-q4_K_M,,"{ ""keep"": true, ""confidence"": ""high"", ""spec_id"": ""reach_o0_000026"", ""spec_type"": ""extend_reach_o0_target_under_furniture"", ""target_visible_ok"": ""yes"", ""helper_absent_ok"": ""yes"", ""helper_visible_ok"": ""not_applicable"", ""target_absent_ok"": ""not_applicable"", ""forbidden_object_leakage"": ""no"", ""count_reasonable"": ""not_applicable"", ""camera_view_ok"": ""yes"", ""scene_compatibility_ok"": ""yes"", ""main_failure_reason"": """", ""one_prompt_fix"": """" }"
reach_o0_000027,extend_reach_o0_target_under_furniture,O0,/home/yurunze/peter_ws/m2g_learn/20260622Fourlegged_tool_aware/code/AHD-benchmark/data/generated_runs/ahd_cosmos3_raw240/images/o0/reach_o0_000027.jpg,semantic_keep,True,high,False,success,,yes,yes,not_applicable,not_applicable,no,not_applicable,yes,yes,,,qwen3-vl:32b-instruct-q4_K_M,llm_enriched,qwen3-vl:30b-a3b-instruct-q4_K_M,,"{ ""keep"": true, ""confidence"": ""high"", ""spec_id"": ""reach_o0_000027"", ""spec_type"": ""extend_reach_o0_target_under_furniture"", ""target_visible_ok"": ""yes"", ""helper_absent_ok"": ""yes"", ""helper_visible_ok"": ""not_applicable"", ""target_absent_ok"": ""not_applicable"", ""forbidden_object_leakage"": ""no"", ""count_reasonable"": ""not_applicable"", ""camera_view_ok"": ""yes"", ""scene_compatibility_ok"": ""yes"", ""main_failure_reason"": """", ""one_prompt_fix"": """" }"
reach_o0_000028,extend_reach_o0_target_under_furniture,O0,/home/yurunze/peter_ws/m2g_learn/20260622Fourlegged_tool_aware/code/AHD-benchmark/data/generated_runs/ahd_cosmos3_raw240/images/o0/reach_o0_000028.jpg,semantic_keep,True,high,False,success,,yes,yes,not_applicable,not_applicable,no,not_applicable,yes,yes,,,qwen3-vl:32b-instruct-q4_K_M,llm_enriched,qwen3-vl:30b-a3b-instruct-q4_K_M,,"{ ""keep"": true, ""confidence"": ""high"", ""spec_id"": ""reach_o0_000028"", ""spec_type"": ""extend_reach_o0_target_under_furniture"", ""target_visible_ok"": ""yes"", ""helper_absent_ok"": ""yes"", ""helper_visible_ok"": ""not_applicable"", ""target_absent_ok"": ""not_applicable"", ""forbidden_object_leakage"": ""no"", ""count_reasonable"": ""not_applicable"", ""camera_view_ok"": ""yes"", ""scene_compatibility_ok"": ""yes"", ""main_failure_reason"": """", ""one_prompt_fix"": """" }"
reach_o0_000029,extend_reach_o0_target_under_furniture,O0,/home/yurunze/peter_ws/m2g_learn/20260622Fourlegged_tool_aware/code/AHD-benchmark/data/generated_runs/ahd_cosmos3_raw240/images/o0/reach_o0_000029.jpg,semantic_keep,True,high,False,success,,yes,yes,not_applicable,not_applicable,no,not_applicable,yes,yes,,,qwen3-vl:32b-instruct-q4_K_M,llm_enriched,qwen3-vl:30b-a3b-instruct-q4_K_M,,"{ ""keep"": true, ""confidence"": ""high"", ""spec_id"": ""reach_o0_000029"", ""spec_type"": ""extend_reach_o0_target_under_furniture"", ""target_visible_ok"": ""yes"", ""helper_absent_ok"": ""yes"", ""helper_visible_ok"": ""not_applicable"", ""target_absent_ok"": ""not_applicable"", ""forbidden_object_leakage"": ""no"", ""count_reasonable"": ""not_applicable"", ""camera_view_ok"": ""yes"", ""scene_compatibility_ok"": ""yes"", ""main_failure_reason"": """", ""one_prompt_fix"": """" }"
reach_o0_000030,extend_reach_o0_target_under_furniture,O0,/home/yurunze/peter_ws/m2g_learn/20260622Fourlegged_tool_aware/code/AHD-benchmark/data/generated_runs/ahd_cosmos3_raw240/images/o0/reach_o0_000030.jpg,semantic_reject,False,high,False,success,,no,yes,not_applicable,not_applicable,no,not_applicable,yes,yes,"The target object (remote control) is not partly visible under the furniture as required; instead, it is fully visible on the floor next to the bed. The scene does not show the remote partially obscured by the bed, making it easy to grasp directly and failing to meet the 'hard to directly grasp' ...","Ensure the remote control is partly visible under the bed, with only a portion peeking out from beneath the furniture, to satisfy the 'partly visible under compatible furniture' condition.",qwen3-vl:32b-instruct-q4_K_M,llm_enriched,qwen3-vl:30b-a3b-instruct-q4_K_M,,"{ ""keep"": false, ""confidence"": ""high"", ""spec_id"": ""reach_o0_000030"", ""spec_type"": ""extend_reach_o0_target_under_furniture"", ""target_visible_ok"": ""no"", ""helper_absent_ok"": ""yes"", ""helper_visible_ok"": ""not_applicable"", ""target_absent_ok"": ""not_applicable"", ""forbidden_object_leakage"": ""no"", ""count_reasonable"": ""not_applicable"", ""camera_view_ok"": ""yes"", ""scene_compatibility_ok"": ""yes"", ""main_failure_reason"": ""The target object (remote control) is not partly visible under the furniture as required..."
reach_o0_000031,extend_reach_o0_target_under_furniture,O0,/home/yurunze/peter_ws/m2g_learn/20260622Fourlegged_tool_aware/code/AHD-benchmark/data/generated_runs/ahd_cosmos3_raw240/images/o0/reach_o0_000031.jpg,semantic_keep,True,high,False,success,,yes,yes,not_applicable,not_applicable,no,not_applicable,yes,yes,,,qwen3-vl:32b-instruct-q4_K_M,llm_enriched,qwen3-vl:30b-a3b-instruct-q4_K_M,,"{ ""keep"": true, ""confidence"": ""high"", ""spec_id"": ""reach_o0_000031"", ""spec_type"": ""extend_reach_o0_target_under_furniture"", ""target_visible_ok"": ""yes"", ""helper_absent_ok"": ""yes"", ""helper_visible_ok"": ""not_applicable"", ""target_absent_ok"": ""not_applicable"", ""forbidden_object_leakage"": ""no"", ""count_reasonable"": ""not_applicable"", ""camera_view_ok"": ""yes"", ""scene_compatibility_ok"": ""yes"", ""main_failure_reason"": """", ""one_prompt_fix"": """" }"
reach_o0_000032,extend_reach_o0_target_under_furniture,O0,/home/yurunze/peter_ws/m2g_learn/20260622Fourlegged_tool_aware/code/AHD-benchmark/data/generated_runs/ahd_cosmos3_raw240/images/o0/reach_o0_000032.jpg,semantic_reject,False,high,False,success,,no,yes,not_applicable,not_applicable,no,not_applicable,yes,yes,"The target object (remote control) is not partly visible under the furniture as required; it is fully visible on top of the coffee table, which violates the O0 condition for 'target_under_furniture'.","Ensure the remote control is partially visible underneath the sofa or coffee table, not resting on top.",qwen3-vl:32b-instruct-q4_K_M,llm_enriched,qwen3-vl:30b-a3b-instruct-q4_K_M,,"{ ""keep"": false, ""confidence"": ""high"", ""spec_id"": ""reach_o0_000032"", ""spec_type"": ""extend_reach_o0_target_under_furniture"", ""target_visible_ok"": ""no"", ""helper_absent_ok"": ""yes"", ""helper_visible_ok"": ""not_applicable"", ""target_absent_ok"": ""not_applicable"", ""forbidden_object_leakage"": ""no"", ""count_reasonable"": ""not_applicable"", ""camera_view_ok"": ""yes"", ""scene_compatibility_ok"": ""yes"", ""main_failure_reason"": ""The target object (remote control) is not partly visible under the furniture as required..."
reach_o0_000033,extend_reach_o0_target_under_furniture,O0,/home/yurunze/peter_ws/m2g_learn/20260622Fourlegged_tool_aware/code/AHD-benchmark/data/generated_runs/ahd_cosmos3_raw240/images/o0/reach_o0_000033.jpg,semantic_keep,True,high,False,success,,yes,yes,not_applicable,not_applicable,no,not_applicable,yes,yes,,,qwen3-vl:32b-instruct-q4_K_M,llm_enriched,qwen3-vl:30b-a3b-instruct-q4_K_M,,"{ ""keep"": true, ""confidence"": ""high"", ""spec_id"": ""reach_o0_000033"", ""spec_type"": ""extend_reach_o0_target_under_furniture"", ""target_visible_ok"": ""yes"", ""helper_absent_ok"": ""yes"", ""helper_visible_ok"": ""not_applicable"", ""target_absent_ok"": ""not_applicable"", ""forbidden_object_leakage"": ""no"", ""count_reasonable"": ""not_applicable"", ""camera_view_ok"": ""yes"", ""scene_compatibility_ok"": ""yes"", ""main_failure_reason"": """", ""one_prompt_fix"": """" }"
reach_o0_000034,extend_reach_o0_target_under_furniture,O0,/home/yurunze/peter_ws/m2g_learn/20260622Fourlegged_tool_aware/code/AHD-benchmark/data/generated_runs/ahd_cosmos3_raw240/images/o0/reach_o0_000034.jpg,semantic_keep,True,high,False,success,,yes,yes,not_applicable,not_applicable,no,not_applicable,yes,yes,,,qwen3-vl:32b-instruct-q4_K_M,llm_enriched,qwen3-vl:30b-a3b-instruct-q4_K_M,,"{ ""keep"": true, ""confidence"": ""high"", ""spec_id"": ""reach_o0_000034"", ""spec_type"": ""extend_reach_o0_target_under_furniture"", ""target_visible_ok"": ""yes"", ""helper_absent_ok"": ""yes"", ""helper_visible_ok"": ""not_applicable"", ""target_absent_ok"": ""not_applicable"", ""forbidden_object_leakage"": ""no"", ""count_reasonable"": ""not_applicable"", ""camera_view_ok"": ""yes"", ""scene_compatibility_ok"": ""yes"", ""main_failure_reason"": """", ""one_prompt_fix"": """" }"
reach_o0_000035,extend_reach_o0_target_under_furniture,O0,/home/yurunze/peter_ws/m2g_learn/20260622Fourlegged_tool_aware/code/AHD-benchmark/data/generated_runs/ahd_cosmos3_raw240/images/o0/reach_o0_000035.jpg,semantic_reject,False,high,False,success,,no,yes,not_applicable,not_applicable,no,not_applicable,yes,yes,"The target (remote control) is fully visible on the windowsill, not partly under furniture as required. The remote is clearly accessible and does not appear hard to grasp, violating the 'target under furniture' condition.","Ensure the remote control is only partly visible under the sofa or another compatible piece of furniture, making it difficult to directly grasp.",qwen3-vl:32b-instruct-q4_K_M,llm_enriched,qwen3-vl:30b-a3b-instruct-q4_K_M,,"{ ""keep"": false, ""confidence"": ""high"", ""spec_id"": ""reach_o0_000035"", ""spec_type"": ""extend_reach_o0_target_under_furniture"", ""target_visible_ok"": ""no"", ""helper_absent_ok"": ""yes"", ""helper_visible_ok"": ""not_applicable"", ""target_absent_ok"": ""not_applicable"", ""forbidden_object_leakage"": ""no"", ""count_reasonable"": ""not_applicable"", ""camera_view_ok"": ""yes"", ""scene_compatibility_ok"": ""yes"", ""main_failure_reason"": ""The target (remote control) is fully visible on the windowsill, not partly under furnitu..."
reach_o0_000036,extend_reach_o0_target_under_furniture,O0,/home/yurunze/peter_ws/m2g_learn/20260622Fourlegged_tool_aware/code/AHD-benchmark/data/generated_runs/ahd_cosmos3_raw240/images/o0/reach_o0_000036.jpg,semantic_keep,True,high,False,success,,yes,yes,not_applicable,not_applicable,no,not_applicable,yes,yes,,,qwen3-vl:32b-instruct-q4_K_M,llm_enriched,qwen3-vl:30b-a3b-instruct-q4_K_M,,"{ ""keep"": true, ""confidence"": ""high"", ""spec_id"": ""reach_o0_000036"", ""spec_type"": ""extend_reach_o0_target_under_furniture"", ""target_visible_ok"": ""yes"", ""helper_absent_ok"": ""yes"", ""helper_visible_ok"": ""not_applicable"", ""target_absent_ok"": ""not_applicable"", ""forbidden_object_leakage"": ""no"", ""count_reasonable"": ""not_applicable"", ""camera_view_ok"": ""yes"", ""scene_compatibility_ok"": ""yes"", ""main_failure_reason"": """", ""one_prompt_fix"": """" }"
reach_o0_000037,extend_reach_o0_target_under_furniture,O0,/home/yurunze/peter_ws/m2g_learn/20260622Fourlegged_tool_aware/code/AHD-benchmark/data/generated_runs/ahd_cosmos3_raw240/images/o0/reach_o0_000037.jpg,semantic_keep,True,high,False,success,,yes,yes,not_applicable,not_applicable,no,not_applicable,yes,yes,,,qwen3-vl:32b-instruct-q4_K_M,llm_enriched,qwen3-vl:30b-a3b-instruct-q4_K_M,,"{ ""keep"": true, ""confidence"": ""high"", ""spec_id"": ""reach_o0_000037"", ""spec_type"": ""extend_reach_o0_target_under_furniture"", ""target_visible_ok"": ""yes"", ""helper_absent_ok"": ""yes"", ""helper_visible_ok"": ""not_applicable"", ""target_absent_ok"": ""not_applicable"", ""forbidden_object_leakage"": ""no"", ""count_reasonable"": ""not_applicable"", ""camera_view_ok"": ""yes"", ""scene_compatibility_ok"": ""yes"", ""main_failure_reason"": """", ""one_prompt_fix"": """" }"
reach_o0_000038,extend_reach_o0_target_under_furniture,O0,/home/yurunze/peter_ws/m2g_learn/20260622Fourlegged_tool_aware/code/AHD-benchmark/data/generated_runs/ahd_cosmos3_raw240/images/o0/reach_o0_000038.jpg,semantic_keep,True,high,False,success,,yes,yes,not_applicable,not_applicable,no,not_applicable,yes,yes,,,qwen3-vl:32b-instruct-q4_K_M,llm_enriched,qwen3-vl:30b-a3b-instruct-q4_K_M,,"{ ""keep"": true, ""confidence"": ""high"", ""spec_id"": ""reach_o0_000038"", ""spec_type"": ""extend_reach_o0_target_under_furniture"", ""target_visible_ok"": ""yes"", ""helper_absent_ok"": ""yes"", ""helper_visible_ok"": ""not_applicable"", ""target_absent_ok"": ""not_applicable"", ""forbidden_object_leakage"": ""no"", ""count_reasonable"": ""not_applicable"", ""camera_view_ok"": ""yes"", ""scene_compatibility_ok"": ""yes"", ""main_failure_reason"": """", ""one_prompt_fix"": """" }"
reach_o0_000039,extend_reach_o0_target_under_furniture,O0,/home/yurunze/peter_ws/m2g_learn/20260622Fourlegged_tool_aware/code/AHD-benchmark/data/generated_runs/ahd_cosmos3_raw240/images/o0/reach_o0_000039.jpg,semantic_keep,True,high,False,success,,yes,yes,not_applicable,not_applicable,no,not_applicable,yes,yes,,,qwen3-vl:32b-instruct-q4_K_M,llm_enriched,qwen3-vl:30b-a3b-instruct-q4_K_M,,"{ ""keep"": true, ""confidence"": ""high"", ""spec_id"": ""reach_o0_000039"", ""spec_type"": ""extend_reach_o0_target_under_furniture"", ""target_visible_ok"": ""yes"", ""helper_absent_ok"": ""yes"", ""helper_visible_ok"": ""not_applicable"", ""target_absent_ok"": ""not_applicable"", ""forbidden_object_leakage"": ""no"", ""count_reasonable"": ""not_applicable"", ""camera_view_ok"": ""yes"", ""scene_compatibility_ok"": ""yes"", ""main_failure_reason"": """", ""one_prompt_fix"": """" }"
reach_o0_000040,extend_reach_o0_target_under_furniture,O0,/home/yurunze/peter_ws/m2g_learn/20260622Fourlegged_tool_aware/code/AHD-benchmark/data/generated_runs/ahd_cosmos3_raw240/images/o0/reach_o0_000040.jpg,semantic_keep,True,high,False,success,,yes,yes,not_applicable,not_applicable,no,not_applicable,yes,yes,,,qwen3-vl:32b-instruct-q4_K_M,llm_enriched,qwen3-vl:30b-a3b-instruct-q4_K_M,,"{ ""keep"": true, ""confidence"": ""high"", ""spec_id"": ""reach_o0_000040"", ""spec_type"": ""extend_reach_o0_target_under_furniture"", ""target_visible_ok"": ""yes"", ""helper_absent_ok"": ""yes"", ""helper_visible_ok"": ""not_applicable"", ""target_absent_ok"": ""not_applicable"", ""forbidden_object_leakage"": ""no"", ""count_reasonable"": ""not_applicable"", ""camera_view_ok"": ""yes"", ""scene_compatibility_ok"": ""yes"", ""main_failure_reason"": """", ""one_prompt_fix"": """" }"
longtool_o1_000001,long_tool_helper_o1_target_absent,O1,/home/yurunze/peter_ws/m2g_learn/20260622Fourlegged_tool_aware/code/AHD-benchmark/data/generated_runs/ahd_cosmos3_raw240/images/o1/longtool_o1_000001.jpg,semantic_keep,True,high,True,success,,not_applicable,not_applicable,yes,yes,no,not_applicable,yes,yes,,,qwen3-vl:32b-instruct-q4_K_M,llm_enriched,qwen3-vl:30b-a3b-instruct-q4_K_M,,"{ ""keep"": true, ""confidence"": ""high"", ""spec_id"": ""longtool_o1_000001"", ""spec_type"": ""long_tool_helper_o1_target_absent"", ""target_visible_ok"": ""not_applicable"", ""helper_absent_ok"": ""no"", ""helper_visible_ok"": ""yes"", ""target_absent_ok"": ""yes"", ""forbidden_object_leakage"": ""no"", ""count_reasonable"": ""not_applicable"", ""camera_view_ok"": ""yes"", ""scene_compatibility_ok"": ""yes"", ""main_failure_reason"": ""The long rigid helper (broom) is visible and salient, but the prompt specifies that no containers shou..."
longtool_o1_000002,long_tool_helper_o1_target_absent,O1,/home/yurunze/peter_ws/m2g_learn/20260622Fourlegged_tool_aware/code/AHD-benchmark/data/generated_runs/ahd_cosmos3_raw240/images/o1/longtool_o1_000002.jpg,semantic_keep,True,high,True,success,,not_applicable,not_applicable,yes,yes,no,not_applicable,yes,yes,,,qwen3-vl:32b-instruct-q4_K_M,llm_enriched,qwen3-vl:30b-a3b-instruct-q4_K_M,,"{ ""keep"": true, ""confidence"": ""high"", ""spec_id"": ""longtool_o1_000002"", ""spec_type"": ""long_tool_helper_o1_target_absent"", ""target_visible_ok"": ""not_applicable"", ""helper_absent_ok"": ""yes"", ""helper_visible_ok"": ""yes"", ""target_absent_ok"": ""yes"", ""forbidden_object_leakage"": ""no"", ""count_reasonable"": ""not_applicable"", ""camera_view_ok"": ""yes"", ""scene_compatibility_ok"": ""yes"", ""main_failure_reason"": """", ""one_prompt_fix"": """" }"
longtool_o1_000003,long_tool_helper_o1_target_absent,O1,/home/yurunze/peter_ws/m2g_learn/20260622Fourlegged_tool_aware/code/AHD-benchmark/data/generated_runs/ahd_cosmos3_raw240/images/o1/longtool_o1_000003.jpg,semantic_keep,True,high,True,success,,not_applicable,not_applicable,yes,yes,no,not_applicable,yes,yes,,,qwen3-vl:32b-instruct-q4_K_M,llm_enriched,qwen3-vl:30b-a3b-instruct-q4_K_M,,"{ ""keep"": true, ""confidence"": ""high"", ""spec_id"": ""longtool_o1_000003"", ""spec_type"": ""long_tool_helper_o1_target_absent"", ""target_visible_ok"": ""not_applicable"", ""helper_absent_ok"": ""no"", ""helper_visible_ok"": ""yes"", ""target_absent_ok"": ""yes"", ""forbidden_object_leakage"": ""no"", ""count_reasonable"": ""not_applicable"", ""camera_view_ok"": ""yes"", ""scene_compatibility_ok"": ""yes"", ""main_failure_reason"": ""The broom is visible and clearly usable as a long rigid helper, but the helper_absent_ok field should ..."
longtool_o1_000004,long_tool_helper_o1_target_absent,O1,/home/yurunze/peter_ws/m2g_learn/20260622Fourlegged_tool_aware/code/AHD-benchmark/data/generated_runs/ahd_cosmos3_raw240/images/o1/longtool_o1_000004.jpg,semantic_keep,True,high,True,success,,not_applicable,not_applicable,yes,yes,no,not_applicable,yes,yes,,,qwen3-vl:32b-instruct-q4_K_M,llm_enriched,qwen3-vl:30b-a3b-instruct-q4_K_M,,"{ ""keep"": true, ""confidence"": ""high"", ""spec_id"": ""longtool_o1_000004"", ""spec_type"": ""long_tool_helper_o1_target_absent"", ""target_visible_ok"": ""not_applicable"", ""helper_absent_ok"": ""yes"", ""helper_visible_ok"": ""yes"", ""target_absent_ok"": ""yes"", ""forbidden_object_leakage"": ""no"", ""count_reasonable"": ""not_applicable"", ""camera_view_ok"": ""yes"", ""scene_compatibility_ok"": ""yes"", ""main_failure_reason"": """", ""one_prompt_fix"": """" }"
longtool_o1_000005,long_tool_helper_o1_target_absent,O1,/home/yurunze/peter_ws/m2g_learn/20260622Fourlegged_tool_aware/code/AHD-benchmark/data/generated_runs/ahd_cosmos3_raw240/images/o1/longtool_o1_000005.jpg,semantic_keep,True,high,True,success,,not_applicable,not_applicable,yes,yes,no,not_applicable,yes,yes,,,qwen3-vl:32b-instruct-q4_K_M,llm_enriched,qwen3-vl:30b-a3b-instruct-q4_K_M,,"{ ""keep"": true, ""confidence"": ""high"", ""spec_id"": ""longtool_o1_000005"", ""spec_type"": ""long_tool_helper_o1_target_absent"", ""target_visible_ok"": ""not_applicable"", ""helper_absent_ok"": ""no"", ""helper_visible_ok"": ""yes"", ""target_absent_ok"": ""yes"", ""forbidden_object_leakage"": ""no"", ""count_reasonable"": ""not_applicable"", ""camera_view_ok"": ""yes"", ""scene_compatibility_ok"": ""yes"", ""main_failure_reason"": ""The long rigid helper (stick) is visible and usable, but the helper_absent_ok should be 'yes' in O1 fo..."
longtool_o1_000006,long_tool_helper_o1_target_absent,O1,/home/yurunze/peter_ws/m2g_learn/20260622Fourlegged_tool_aware/code/AHD-benchmark/data/generated_runs/ahd_cosmos3_raw240/images/o1/longtool_o1_000006.jpg,semantic_keep,True,high,True,success,,not_applicable,not_applicable,yes,yes,no,not_applicable,yes,yes,,,qwen3-vl:32b-instruct-q4_K_M,llm_enriched,qwen3-vl:30b-a3b-instruct-q4_K_M,,"{ ""keep"": true, ""confidence"": ""high"", ""spec_id"": ""longtool_o1_000006"", ""spec_type"": ""long_tool_helper_o1_target_absent"", ""target_visible_ok"": ""not_applicable"", ""helper_absent_ok"": ""yes"", ""helper_visible_ok"": ""yes"", ""target_absent_ok"": ""yes"", ""forbidden_object_leakage"": ""no"", ""count_reasonable"": ""not_applicable"", ""camera_view_ok"": ""yes"", ""scene_compatibility_ok"": ""yes"", ""main_failure_reason"": """", ""one_prompt_fix"": """" }"
longtool_o1_000007,long_tool_helper_o1_target_absent,O1,/home/yurunze/peter_ws/m2g_learn/20260622Fourlegged_tool_aware/code/AHD-benchmark/data/generated_runs/ahd_cosmos3_raw240/images/o1/longtool_o1_000007.jpg,generation_failed,False,low,False,failed,"torch.OutOfMemoryError: CUDA out of memory. Tried to allocate 72.00 MiB. GPU 0 has a total capacity of 47.41 GiB of which 2.38 MiB is free. Process 688703 has 15.89 GiB memory in use. Including non-PyTorch memory, this process has 31.49 GiB memory in use. Of the allocated memory 31.16 GiB is allo...",uncertain,not_applicable,uncertain,uncertain,uncertain,uncertain,uncertain,uncertain,"File ""/data0/yurunze/conda_envs/codex_cosmos/lib/python3.13/site-packages/torch/nn/modules/conv.py"", line 718, in _conv_forward return F.conv3d( ~~~~~~~~^ input, weight, bias, self.stride, self.padding, self.dilation, self.groups ^^^^^^^^^^^^^^^^^^^^^^^^^^^^^^^^^^^^^^^^^^^^^^^^^^^^^^^^^^^^^^^^^^^...",Rerun this generation row after freeing GPU memory or moving Cosmos3 to an available GPU.,qwen3-vl:32b-instruct-q4_K_M,llm_enriched,qwen3-vl:30b-a3b-instruct-q4_K_M,,
longtool_o1_000008,long_tool_helper_o1_target_absent,O1,/home/yurunze/peter_ws/m2g_learn/20260622Fourlegged_tool_aware/code/AHD-benchmark/data/generated_runs/ahd_cosmos3_raw240/images/o1/longtool_o1_000008.jpg,semantic_keep,True,high,True,success,,not_applicable,not_applicable,yes,yes,no,not_applicable,yes,yes,,,qwen3-vl:32b-instruct-q4_K_M,llm_enriched,qwen3-vl:30b-a3b-instruct-q4_K_M,,"{ ""keep"": true, ""confidence"": ""high"", ""spec_id"": ""longtool_o1_000008"", ""spec_type"": ""long_tool_helper_o1_target_absent"", ""target_visible_ok"": ""not_applicable"", ""helper_absent_ok"": ""yes"", ""helper_visible_ok"": ""yes"", ""target_absent_ok"": ""yes"", ""forbidden_object_leakage"": ""no"", ""count_reasonable"": ""not_applicable"", ""camera_view_ok"": ""yes"", ""scene_compatibility_ok"": ""yes"", ""main_failure_reason"": """", ""one_prompt_fix"": """" }"
longtool_o1_000009,long_tool_helper_o1_target_absent,O1,/home/yurunze/peter_ws/m2g_learn/20260622Fourlegged_tool_aware/code/AHD-benchmark/data/generated_runs/ahd_cosmos3_raw240/images/o1/longtool_o1_000009.jpg,semantic_reject,False,high,True,success,,not_applicable,not_applicable,yes,yes,no,not_applicable,yes,yes,"The long rigid helper (stick) is visible, but it is obscured by a large black rectangle that covers most of the table and stick, making it non-salient and unusable for task reasoning. The helper must be clearly visible and usable in O1.",Ensure the long stick or rod is fully visible and unobstructed on the kitchen table without any black overlays.,qwen3-vl:32b-instruct-q4_K_M,llm_enriched,qwen3-vl:30b-a3b-instruct-q4_K_M,,"{ ""keep"": false, ""confidence"": ""high"", ""spec_id"": ""longtool_o1_000009"", ""spec_type"": ""long_tool_helper_o1_target_absent"", ""target_visible_ok"": ""not_applicable"", ""helper_absent_ok"": ""no"", ""helper_visible_ok"": ""yes"", ""target_absent_ok"": ""yes"", ""forbidden_object_leakage"": ""no"", ""count_reasonable"": ""not_applicable"", ""camera_view_ok"": ""yes"", ""scene_compatibility_ok"": ""yes"", ""main_failure_reason"": ""The long rigid helper (stick) is visible, but it is obscured by a large black rectangle that covers m..."
longtool_o1_000010,long_tool_helper_o1_target_absent,O1,/home/yurunze/peter_ws/m2g_learn/20260622Fourlegged_tool_aware/code/AHD-benchmark/data/generated_runs/ahd_cosmos3_raw240/images/o1/longtool_o1_000010.jpg,semantic_keep,True,high,True,success,,not_applicable,not_applicable,yes,yes,no,not_applicable,yes,yes,,,qwen3-vl:32b-instruct-q4_K_M,llm_enriched,qwen3-vl:30b-a3b-instruct-q4_K_M,,"{ ""keep"": true, ""confidence"": ""high"", ""spec_id"": ""longtool_o1_000010"", ""spec_type"": ""long_tool_helper_o1_target_absent"", ""target_visible_ok"": ""not_applicable"", ""helper_absent_ok"": ""yes"", ""helper_visible_ok"": ""yes"", ""target_absent_ok"": ""yes"", ""forbidden_object_leakage"": ""no"", ""count_reasonable"": ""not_applicable"", ""camera_view_ok"": ""yes"", ""scene_compatibility_ok"": ""yes"", ""main_failure_reason"": """", ""one_prompt_fix"": """" }"
longtool_o1_000011,long_tool_helper_o1_target_absent,O1,/home/yurunze/peter_ws/m2g_learn/20260622Fourlegged_tool_aware/code/AHD-benchmark/data/generated_runs/ahd_cosmos3_raw240/images/o1/longtool_o1_000011.jpg,semantic_keep,True,high,True,success,,not_applicable,not_applicable,yes,yes,no,not_applicable,yes,yes,,,qwen3-vl:32b-instruct-q4_K_M,llm_enriched,qwen3-vl:30b-a3b-instruct-q4_K_M,,"{ ""keep"": true, ""confidence"": ""high"", ""spec_id"": ""longtool_o1_000011"", ""spec_type"": ""long_tool_helper_o1_target_absent"", ""target_visible_ok"": ""not_applicable"", ""helper_absent_ok"": ""yes"", ""helper_visible_ok"": ""yes"", ""target_absent_ok"": ""yes"", ""forbidden_object_leakage"": ""no"", ""count_reasonable"": ""not_applicable"", ""camera_view_ok"": ""yes"", ""scene_compatibility_ok"": ""yes"", ""main_failure_reason"": """", ""one_prompt_fix"": """" }"
longtool_o1_000012,long_tool_helper_o1_target_absent,O1,/home/yurunze/peter_ws/m2g_learn/20260622Fourlegged_tool_aware/code/AHD-benchmark/data/generated_runs/ahd_cosmos3_raw240/images/o1/longtool_o1_000012.jpg,semantic_keep,True,high,True,success,,not_applicable,not_applicable,yes,yes,no,not_applicable,yes,yes,,,qwen3-vl:32b-instruct-q4_K_M,llm_enriched,qwen3-vl:30b-a3b-instruct-q4_K_M,,"{ ""keep"": true, ""confidence"": ""high"", ""spec_id"": ""longtool_o1_000012"", ""spec_type"": ""long_tool_helper_o1_target_absent"", ""target_visible_ok"": ""not_applicable"", ""helper_absent_ok"": ""no"", ""helper_visible_ok"": ""yes"", ""target_absent_ok"": ""yes"", ""forbidden_object_leakage"": ""no"", ""count_reasonable"": ""not_applicable"", ""camera_view_ok"": ""yes"", ""scene_compatibility_ok"": ""yes"", ""main_failure_reason"": ""The long rigid helper (broom) is visible and usable, but the prompt specified 'broom on the desk', whi..."
longtool_o1_000013,long_tool_helper_o1_target_absent,O1,/home/yurunze/peter_ws/m2g_learn/20260622Fourlegged_tool_aware/code/AHD-benchmark/data/generated_runs/ahd_cosmos3_raw240/images/o1/longtool_o1_000013.jpg,semantic_keep,True,high,True,success,,not_applicable,not_applicable,yes,yes,no,not_applicable,yes,yes,,,qwen3-vl:32b-instruct-q4_K_M,llm_enriched,qwen3-vl:30b-a3b-instruct-q4_K_M,,"{ ""keep"": true, ""confidence"": ""high"", ""spec_id"": ""longtool_o1_000013"", ""spec_type"": ""long_tool_helper_o1_target_absent"", ""target_visible_ok"": ""not_applicable"", ""helper_absent_ok"": ""no"", ""helper_visible_ok"": ""yes"", ""target_absent_ok"": ""yes"", ""forbidden_object_leakage"": ""no"", ""count_reasonable"": ""not_applicable"", ""camera_view_ok"": ""yes"", ""scene_compatibility_ok"": ""yes"", ""main_failure_reason"": ""helper_visible_ok=yes, target_absent_ok=yes, forbidden_object_leakage=no — all conditions met for O1 l..."
longtool_o1_000014,long_tool_helper_o1_target_absent,O1,/home/yurunze/peter_ws/m2g_learn/20260622Fourlegged_tool_aware/code/AHD-benchmark/data/generated_runs/ahd_cosmos3_raw240/images/o1/longtool_o1_000014.jpg,semantic_keep,True,high,True,success,,not_applicable,not_applicable,yes,yes,no,not_applicable,yes,yes,,,qwen3-vl:32b-instruct-q4_K_M,llm_enriched,qwen3-vl:30b-a3b-instruct-q4_K_M,,"{ ""keep"": true, ""confidence"": ""high"", ""spec_id"": ""longtool_o1_000014"", ""spec_type"": ""long_tool_helper_o1_target_absent"", ""target_visible_ok"": ""not_applicable"", ""helper_absent_ok"": ""no"", ""helper_visible_ok"": ""yes"", ""target_absent_ok"": ""yes"", ""forbidden_object_leakage"": ""no"", ""count_reasonable"": ""not_applicable"", ""camera_view_ok"": ""yes"", ""scene_compatibility_ok"": ""yes"", ""main_failure_reason"": ""helper_absent_ok is no because the long stick (long rigid helper) is visible, which is expected in O1;..."
longtool_o1_000015,long_tool_helper_o1_target_absent,O1,/home/yurunze/peter_ws/m2g_learn/20260622Fourlegged_tool_aware/code/AHD-benchmark/data/generated_runs/ahd_cosmos3_raw240/images/o1/longtool_o1_000015.jpg,semantic_reject,False,high,True,success,,not_applicable,not_applicable,yes,yes,no,not_applicable,yes,yes,"The visible object is a self-balancing scooter with an attached handle, which is not a long rigid tool suitable for reach extension. It does not qualify as a valid helper under the specification.","Use broom, long stick, or clearly visible rod instead of a scooter for long-tool O1.",qwen3-vl:32b-instruct-q4_K_M,llm_enriched,qwen3-vl:30b-a3b-instruct-q4_K_M,,"{ ""keep"": false, ""confidence"": ""high"", ""spec_id"": ""longtool_o1_000015"", ""spec_type"": ""long_tool_helper_o1_target_absent"", ""target_visible_ok"": ""not_applicable"", ""helper_absent_ok"": ""no"", ""helper_visible_ok"": ""yes"", ""target_absent_ok"": ""yes"", ""forbidden_object_leakage"": ""no"", ""count_reasonable"": ""not_applicable"", ""camera_view_ok"": ""yes"", ""scene_compatibility_ok"": ""yes"", ""main_failure_reason"": ""The visible object is a self-balancing scooter with an attached handle, which is not a long rigid too..."
longtool_o1_000016,long_tool_helper_o1_target_absent,O1,/home/yurunze/peter_ws/m2g_learn/20260622Fourlegged_tool_aware/code/AHD-benchmark/data/generated_runs/ahd_cosmos3_raw240/images/o1/longtool_o1_000016.jpg,semantic_keep,True,high,True,success,,not_applicable,not_applicable,yes,yes,no,not_applicable,yes,yes,,,qwen3-vl:32b-instruct-q4_K_M,llm_enriched,qwen3-vl:30b-a3b-instruct-q4_K_M,,"{ ""keep"": true, ""confidence"": ""high"", ""spec_id"": ""longtool_o1_000016"", ""spec_type"": ""long_tool_helper_o1_target_absent"", ""target_visible_ok"": ""not_applicable"", ""helper_absent_ok"": ""yes"", ""helper_visible_ok"": ""yes"", ""target_absent_ok"": ""yes"", ""forbidden_object_leakage"": ""no"", ""count_reasonable"": ""not_applicable"", ""camera_view_ok"": ""yes"", ""scene_compatibility_ok"": ""yes"", ""main_failure_reason"": """", ""one_prompt_fix"": """" }"
longtool_o1_000017,long_tool_helper_o1_target_absent,O1,/home/yurunze/peter_ws/m2g_learn/20260622Fourlegged_tool_aware/code/AHD-benchmark/data/generated_runs/ahd_cosmos3_raw240/images/o1/longtool_o1_000017.jpg,semantic_reject,False,high,True,success,,not_applicable,not_applicable,no,yes,yes,not_applicable,uncertain,yes,"The image shows a power outlet with a plugged-in charger and a paper towel roll, which are forbidden distractors per the negative prompt. No long rigid helper (e.g., broom, stick, rod) is visible or salient. The scene does not meet O1 requirements for a usable long-tool helper.","Use broom, long stick, or clearly visible rod instead of hanger or charger for long-tool O1.",qwen3-vl:32b-instruct-q4_K_M,llm_enriched,qwen3-vl:30b-a3b-instruct-q4_K_M,,"{ ""keep"": false, ""confidence"": ""high"", ""spec_id"": ""longtool_o1_000017"", ""spec_type"": ""long_tool_helper_o1_target_absent"", ""target_visible_ok"": ""not_applicable"", ""helper_absent_ok"": ""no"", ""helper_visible_ok"": ""no"", ""target_absent_ok"": ""yes"", ""forbidden_object_leakage"": ""yes"", ""count_reasonable"": ""not_applicable"", ""camera_view_ok"": ""uncertain"", ""scene_compatibility_ok"": ""yes"", ""main_failure_reason"": ""The image shows a power outlet with a plugged-in charger and a paper towel roll, which are forb..."
longtool_o1_000018,long_tool_helper_o1_target_absent,O1,/home/yurunze/peter_ws/m2g_learn/20260622Fourlegged_tool_aware/code/AHD-benchmark/data/generated_runs/ahd_cosmos3_raw240/images/o1/longtool_o1_000018.jpg,semantic_keep,True,high,True,success,,not_applicable,not_applicable,yes,yes,no,not_applicable,yes,yes,,,qwen3-vl:32b-instruct-q4_K_M,llm_enriched,qwen3-vl:30b-a3b-instruct-q4_K_M,,"{ ""keep"": true, ""confidence"": ""high"", ""spec_id"": ""longtool_o1_000018"", ""spec_type"": ""long_tool_helper_o1_target_absent"", ""target_visible_ok"": ""not_applicable"", ""helper_absent_ok"": ""yes"", ""helper_visible_ok"": ""yes"", ""target_absent_ok"": ""yes"", ""forbidden_object_leakage"": ""no"", ""count_reasonable"": ""not_applicable"", ""camera_view_ok"": ""yes"", ""scene_compatibility_ok"": ""yes"", ""main_failure_reason"": """", ""one_prompt_fix"": """" }"
longtool_o1_000019,long_tool_helper_o1_target_absent,O1,/home/yurunze/peter_ws/m2g_learn/20260622Fourlegged_tool_aware/code/AHD-benchmark/data/generated_runs/ahd_cosmos3_raw240/images/o1/longtool_o1_000019.jpg,semantic_keep,True,high,True,success,,not_applicable,not_applicable,yes,yes,no,not_applicable,yes,yes,,,qwen3-vl:32b-instruct-q4_K_M,llm_enriched,qwen3-vl:30b-a3b-instruct-q4_K_M,,"{ ""keep"": true, ""confidence"": ""high"", ""spec_id"": ""longtool_o1_000019"", ""spec_type"": ""long_tool_helper_o1_target_absent"", ""target_visible_ok"": ""not_applicable"", ""helper_absent_ok"": ""yes"", ""helper_visible_ok"": ""yes"", ""target_absent_ok"": ""yes"", ""forbidden_object_leakage"": ""no"", ""count_reasonable"": ""not_applicable"", ""camera_view_ok"": ""yes"", ""scene_compatibility_ok"": ""yes"", ""main_failure_reason"": """", ""one_prompt_fix"": """" }"
longtool_o1_000020,long_tool_helper_o1_target_absent,O1,/home/yurunze/peter_ws/m2g_learn/20260622Fourlegged_tool_aware/code/AHD-benchmark/data/generated_runs/ahd_cosmos3_raw240/images/o1/longtool_o1_000020.jpg,semantic_keep,True,high,True,success,,not_applicable,not_applicable,yes,yes,no,not_applicable,yes,yes,,,qwen3-vl:32b-instruct-q4_K_M,llm_enriched,qwen3-vl:30b-a3b-instruct-q4_K_M,,"{ ""keep"": true, ""confidence"": ""high"", ""spec_id"": ""longtool_o1_000020"", ""spec_type"": ""long_tool_helper_o1_target_absent"", ""target_visible_ok"": ""not_applicable"", ""helper_absent_ok"": ""yes"", ""helper_visible_ok"": ""yes"", ""target_absent_ok"": ""yes"", ""forbidden_object_leakage"": ""no"", ""count_reasonable"": ""not_applicable"", ""camera_view_ok"": ""yes"", ""scene_compatibility_ok"": ""yes"", ""main_failure_reason"": """", ""one_prompt_fix"": """" }"
longtool_o1_000021,long_tool_helper_o1_target_absent,O1,/home/yurunze/peter_ws/m2g_learn/20260622Fourlegged_tool_aware/code/AHD-benchmark/data/generated_runs/ahd_cosmos3_raw240/images/o1/longtool_o1_000021.jpg,semantic_reject,False,high,True,success,,not_applicable,not_applicable,no,yes,no,not_applicable,yes,yes,"The long rigid helper (e.g., broom, stick, rod) required for O1 is not visible or salient in the image. Instead, only a mug and books are present on the counter, which do not qualify as usable long tools.","Use broom, long stick, or clearly visible rod instead of hanger or non-tool objects for long-tool O1.",qwen3-vl:32b-instruct-q4_K_M,llm_enriched,qwen3-vl:30b-a3b-instruct-q4_K_M,,"{ ""keep"": false, ""confidence"": ""high"", ""spec_id"": ""longtool_o1_000021"", ""spec_type"": ""long_tool_helper_o1_target_absent"", ""target_visible_ok"": ""not_applicable"", ""helper_absent_ok"": ""no"", ""helper_visible_ok"": ""no"", ""target_absent_ok"": ""yes"", ""forbidden_object_leakage"": ""no"", ""count_reasonable"": ""not_applicable"", ""camera_view_ok"": ""yes"", ""scene_compatibility_ok"": ""yes"", ""main_failure_reason"": ""The long rigid helper (e.g., broom, stick, rod) required for O1 is not visible or salient in the image..."
longtool_o1_000022,long_tool_helper_o1_target_absent,O1,/home/yurunze/peter_ws/m2g_learn/20260622Fourlegged_tool_aware/code/AHD-benchmark/data/generated_runs/ahd_cosmos3_raw240/images/o1/longtool_o1_000022.jpg,semantic_keep,True,high,True,success,,not_applicable,not_applicable,yes,yes,no,not_applicable,yes,yes,,,qwen3-vl:32b-instruct-q4_K_M,llm_enriched,qwen3-vl:30b-a3b-instruct-q4_K_M,,"{ ""keep"": true, ""confidence"": ""high"", ""spec_id"": ""longtool_o1_000022"", ""spec_type"": ""long_tool_helper_o1_target_absent"", ""target_visible_ok"": ""not_applicable"", ""helper_absent_ok"": ""yes"", ""helper_visible_ok"": ""yes"", ""target_absent_ok"": ""yes"", ""forbidden_object_leakage"": ""no"", ""count_reasonable"": ""not_applicable"", ""camera_view_ok"": ""yes"", ""scene_compatibility_ok"": ""yes"", ""main_failure_reason"": """", ""one_prompt_fix"": """" }"
longtool_o1_000023,long_tool_helper_o1_target_absent,O1,/home/yurunze/peter_ws/m2g_learn/20260622Fourlegged_tool_aware/code/AHD-benchmark/data/generated_runs/ahd_cosmos3_raw240/images/o1/longtool_o1_000023.jpg,semantic_keep,True,high,True,success,,not_applicable,not_applicable,yes,yes,no,not_applicable,yes,yes,,,qwen3-vl:32b-instruct-q4_K_M,llm_enriched,qwen3-vl:30b-a3b-instruct-q4_K_M,,"{ ""keep"": true, ""confidence"": ""high"", ""spec_id"": ""longtool_o1_000023"", ""spec_type"": ""long_tool_helper_o1_target_absent"", ""target_visible_ok"": ""not_applicable"", ""helper_absent_ok"": ""yes"", ""helper_visible_ok"": ""yes"", ""target_absent_ok"": ""yes"", ""forbidden_object_leakage"": ""no"", ""count_reasonable"": ""not_applicable"", ""camera_view_ok"": ""yes"", ""scene_compatibility_ok"": ""yes"", ""main_failure_reason"": """", ""one_prompt_fix"": """" }"
longtool_o1_000024,long_tool_helper_o1_target_absent,O1,/home/yurunze/peter_ws/m2g_learn/20260622Fourlegged_tool_aware/code/AHD-benchmark/data/generated_runs/ahd_cosmos3_raw240/images/o1/longtool_o1_000024.jpg,semantic_keep,True,high,True,success,,not_applicable,not_applicable,yes,yes,no,not_applicable,yes,yes,,,qwen3-vl:32b-instruct-q4_K_M,llm_enriched,qwen3-vl:30b-a3b-instruct-q4_K_M,,"{ ""keep"": true, ""confidence"": ""high"", ""spec_id"": ""longtool_o1_000024"", ""spec_type"": ""long_tool_helper_o1_target_absent"", ""target_visible_ok"": ""not_applicable"", ""helper_absent_ok"": ""yes"", ""helper_visible_ok"": ""yes"", ""target_absent_ok"": ""yes"", ""forbidden_object_leakage"": ""no"", ""count_reasonable"": ""not_applicable"", ""camera_view_ok"": ""yes"", ""scene_compatibility_ok"": ""yes"", ""main_failure_reason"": """", ""one_prompt_fix"": """" }"
longtool_o1_000025,long_tool_helper_o1_target_absent,O1,/home/yurunze/peter_ws/m2g_learn/20260622Fourlegged_tool_aware/code/AHD-benchmark/data/generated_runs/ahd_cosmos3_raw240/images/o1/longtool_o1_000025.jpg,semantic_keep,True,high,True,success,,not_applicable,not_applicable,yes,yes,no,not_applicable,yes,yes,,,qwen3-vl:32b-instruct-q4_K_M,llm_enriched,qwen3-vl:30b-a3b-instruct-q4_K_M,,"{ ""keep"": true, ""confidence"": ""high"", ""spec_id"": ""longtool_o1_000025"", ""spec_type"": ""long_tool_helper_o1_target_absent"", ""target_visible_ok"": ""not_applicable"", ""helper_absent_ok"": ""yes"", ""helper_visible_ok"": ""yes"", ""target_absent_ok"": ""yes"", ""forbidden_object_leakage"": ""no"", ""count_reasonable"": ""not_applicable"", ""camera_view_ok"": ""yes"", ""scene_compatibility_ok"": ""yes"", ""main_failure_reason"": """", ""one_prompt_fix"": """" }"
longtool_o1_000026,long_tool_helper_o1_target_absent,O1,/home/yurunze/peter_ws/m2g_learn/20260622Fourlegged_tool_aware/code/AHD-benchmark/data/generated_runs/ahd_cosmos3_raw240/images/o1/longtool_o1_000026.jpg,semantic_reject,False,high,True,success,,no,not_applicable,uncertain,yes,yes,not_applicable,yes,yes,"The image contains forbidden objects (water bottle, toy block, cup) and the central object—a hanger—is ambiguous as a long rigid reach tool; it does not clearly function as such. Additionally, the target (drinks/bottles) is absent but forbidden items are present, violating constraints.","Use broom, long stick, or clearly visible rod instead of hanger for long-tool O1.",qwen3-vl:32b-instruct-q4_K_M,llm_enriched,qwen3-vl:30b-a3b-instruct-q4_K_M,,"{ ""keep"": false, ""confidence"": ""high"", ""spec_id"": ""longtool_o1_000026"", ""spec_type"": ""long_tool_helper_o1_target_absent"", ""target_visible_ok"": ""no"", ""helper_absent_ok"": ""no"", ""helper_visible_ok"": ""uncertain"", ""target_absent_ok"": ""yes"", ""forbidden_object_leakage"": ""yes"", ""count_reasonable"": ""not_applicable"", ""camera_view_ok"": ""yes"", ""scene_compatibility_ok"": ""yes"", ""main_failure_reason"": ""The image contains forbidden objects (water bottle, toy block, cup) and the central object—a hanger—is amb..."
longtool_o1_000027,long_tool_helper_o1_target_absent,O1,/home/yurunze/peter_ws/m2g_learn/20260622Fourlegged_tool_aware/code/AHD-benchmark/data/generated_runs/ahd_cosmos3_raw240/images/o1/longtool_o1_000027.jpg,semantic_keep,True,high,True,success,,not_applicable,not_applicable,yes,yes,no,not_applicable,yes,yes,,,qwen3-vl:32b-instruct-q4_K_M,llm_enriched,qwen3-vl:30b-a3b-instruct-q4_K_M,,"{ ""keep"": true, ""confidence"": ""high"", ""spec_id"": ""longtool_o1_000027"", ""spec_type"": ""long_tool_helper_o1_target_absent"", ""target_visible_ok"": ""not_applicable"", ""helper_absent_ok"": ""yes"", ""helper_visible_ok"": ""yes"", ""target_absent_ok"": ""yes"", ""forbidden_object_leakage"": ""no"", ""count_reasonable"": ""not_applicable"", ""camera_view_ok"": ""yes"", ""scene_compatibility_ok"": ""yes"", ""main_failure_reason"": """", ""one_prompt_fix"": """" }"
longtool_o1_000028,long_tool_helper_o1_target_absent,O1,/home/yurunze/peter_ws/m2g_learn/20260622Fourlegged_tool_aware/code/AHD-benchmark/data/generated_runs/ahd_cosmos3_raw240/images/o1/longtool_o1_000028.jpg,semantic_keep,True,high,True,success,,not_applicable,not_applicable,yes,yes,no,not_applicable,yes,yes,,,qwen3-vl:32b-instruct-q4_K_M,llm_enriched,qwen3-vl:30b-a3b-instruct-q4_K_M,,"{ ""keep"": true, ""confidence"": ""high"", ""spec_id"": ""longtool_o1_000028"", ""spec_type"": ""long_tool_helper_o1_target_absent"", ""target_visible_ok"": ""not_applicable"", ""helper_absent_ok"": ""no"", ""helper_visible_ok"": ""yes"", ""target_absent_ok"": ""yes"", ""forbidden_object_leakage"": ""no"", ""count_reasonable"": ""not_applicable"", ""camera_view_ok"": ""yes"", ""scene_compatibility_ok"": ""yes"", ""main_failure_reason"": """", ""one_prompt_fix"": """" }"
longtool_o1_000029,long_tool_helper_o1_target_absent,O1,/home/yurunze/peter_ws/m2g_learn/20260622Fourlegged_tool_aware/code/AHD-benchmark/data/generated_runs/ahd_cosmos3_raw240/images/o1/longtool_o1_000029.jpg,semantic_keep,True,high,True,success,,not_applicable,not_applicable,yes,yes,no,not_applicable,yes,yes,,,qwen3-vl:32b-instruct-q4_K_M,llm_enriched,qwen3-vl:30b-a3b-instruct-q4_K_M,,"{ ""keep"": true, ""confidence"": ""high"", ""spec_id"": ""longtool_o1_000029"", ""spec_type"": ""long_tool_helper_o1_target_absent"", ""target_visible_ok"": ""not_applicable"", ""helper_absent_ok"": ""no"", ""helper_visible_ok"": ""yes"", ""target_absent_ok"": ""yes"", ""forbidden_object_leakage"": ""no"", ""count_reasonable"": ""not_applicable"", ""camera_view_ok"": ""yes"", ""scene_compatibility_ok"": ""yes"", ""main_failure_reason"": ""The long rigid helper (rod) is visible and usable, but the helper_absent_ok is marked 'no' because the..."
longtool_o1_000030,long_tool_helper_o1_target_absent,O1,/home/yurunze/peter_ws/m2g_learn/20260622Fourlegged_tool_aware/code/AHD-benchmark/data/generated_runs/ahd_cosmos3_raw240/images/o1/longtool_o1_000030.jpg,semantic_keep,True,high,True,success,,not_applicable,not_applicable,yes,yes,no,not_applicable,yes,yes,,,qwen3-vl:32b-instruct-q4_K_M,llm_enriched,qwen3-vl:30b-a3b-instruct-q4_K_M,,"{ ""keep"": true, ""confidence"": ""high"", ""spec_id"": ""longtool_o1_000030"", ""spec_type"": ""long_tool_helper_o1_target_absent"", ""target_visible_ok"": ""not_applicable"", ""helper_absent_ok"": ""yes"", ""helper_visible_ok"": ""yes"", ""target_absent_ok"": ""yes"", ""forbidden_object_leakage"": ""no"", ""count_reasonable"": ""not_applicable"", ""camera_view_ok"": ""yes"", ""scene_compatibility_ok"": ""yes"", ""main_failure_reason"": """", ""one_prompt_fix"": """" }"
longtool_o1_000031,long_tool_helper_o1_target_absent,O1,/home/yurunze/peter_ws/m2g_learn/20260622Fourlegged_tool_aware/code/AHD-benchmark/data/generated_runs/ahd_cosmos3_raw240/images/o1/longtool_o1_000031.jpg,semantic_reject,False,high,True,success,,no,not_applicable,yes,no,yes,not_applicable,uncertain,yes,"The image contains a water bottle (a target object) and a basket (a forbidden container), violating the requirement for target absence and forbidden object leakage. Additionally, while a long stick is visible as a helper, its presence alongside forbidden objects invalidates the O1 condition.","Strengthen the negative prompt to exclude water bottles, drink cans, remote controls, small balls, baskets, trays, boxes, and bags, ensuring only the long rigid tool remains salient in the scene.",qwen3-vl:32b-instruct-q4_K_M,llm_enriched,qwen3-vl:30b-a3b-instruct-q4_K_M,,"{ ""keep"": false, ""confidence"": ""high"", ""spec_id"": ""longtool_o1_000031"", ""spec_type"": ""long_tool_helper_o1_target_absent"", ""target_visible_ok"": ""no"", ""helper_absent_ok"": ""no"", ""helper_visible_ok"": ""yes"", ""target_absent_ok"": ""no"", ""forbidden_object_leakage"": ""yes"", ""count_reasonable"": ""not_applicable"", ""camera_view_ok"": ""uncertain"", ""scene_compatibility_ok"": ""yes"", ""main_failure_reason"": ""The image contains a water bottle (a target object) and a basket (a forbidden container), violating the req..."
longtool_o1_000032,long_tool_helper_o1_target_absent,O1,/home/yurunze/peter_ws/m2g_learn/20260622Fourlegged_tool_aware/code/AHD-benchmark/data/generated_runs/ahd_cosmos3_raw240/images/o1/longtool_o1_000032.jpg,semantic_keep,True,high,True,success,,not_applicable,not_applicable,yes,yes,no,not_applicable,yes,yes,,,qwen3-vl:32b-instruct-q4_K_M,llm_enriched,qwen3-vl:30b-a3b-instruct-q4_K_M,,"{ ""keep"": true, ""confidence"": ""high"", ""spec_id"": ""longtool_o1_000032"", ""spec_type"": ""long_tool_helper_o1_target_absent"", ""target_visible_ok"": ""not_applicable"", ""helper_absent_ok"": ""yes"", ""helper_visible_ok"": ""yes"", ""target_absent_ok"": ""yes"", ""forbidden_object_leakage"": ""no"", ""count_reasonable"": ""not_applicable"", ""camera_view_ok"": ""yes"", ""scene_compatibility_ok"": ""yes"", ""main_failure_reason"": """", ""one_prompt_fix"": """" }"
longtool_o1_000033,long_tool_helper_o1_target_absent,O1,/home/yurunze/peter_ws/m2g_learn/20260622Fourlegged_tool_aware/code/AHD-benchmark/data/generated_runs/ahd_cosmos3_raw240/images/o1/longtool_o1_000033.jpg,semantic_reject,False,high,True,success,,not_applicable,not_applicable,no,yes,no,not_applicable,yes,yes,"No long rigid helper (e.g., broom, stick, rod) is visible; instead, only short objects like a book, mug, and phone charger are present. The required helper for O1 is absent.","Use broom, long stick, or clearly visible rod instead of hanger or short objects for long-tool O1.",qwen3-vl:32b-instruct-q4_K_M,llm_enriched,qwen3-vl:30b-a3b-instruct-q4_K_M,,"{ ""keep"": false, ""confidence"": ""high"", ""spec_id"": ""longtool_o1_000033"", ""spec_type"": ""long_tool_helper_o1_target_absent"", ""target_visible_ok"": ""not_applicable"", ""helper_absent_ok"": ""no"", ""helper_visible_ok"": ""no"", ""target_absent_ok"": ""yes"", ""forbidden_object_leakage"": ""no"", ""count_reasonable"": ""not_applicable"", ""camera_view_ok"": ""yes"", ""scene_compatibility_ok"": ""yes"", ""main_failure_reason"": ""No long rigid helper (e.g., broom, stick, rod) is visible; instead, only short objects like a book, mu..."
longtool_o1_000034,long_tool_helper_o1_target_absent,O1,/home/yurunze/peter_ws/m2g_learn/20260622Fourlegged_tool_aware/code/AHD-benchmark/data/generated_runs/ahd_cosmos3_raw240/images/o1/longtool_o1_000034.jpg,semantic_keep,True,high,True,success,,not_applicable,not_applicable,yes,yes,no,not_applicable,yes,yes,,,qwen3-vl:32b-instruct-q4_K_M,llm_enriched,qwen3-vl:30b-a3b-instruct-q4_K_M,,"{ ""keep"": true, ""confidence"": ""high"", ""spec_id"": ""longtool_o1_000034"", ""spec_type"": ""long_tool_helper_o1_target_absent"", ""target_visible_ok"": ""not_applicable"", ""helper_absent_ok"": ""yes"", ""helper_visible_ok"": ""yes"", ""target_absent_ok"": ""yes"", ""forbidden_object_leakage"": ""no"", ""count_reasonable"": ""not_applicable"", ""camera_view_ok"": ""yes"", ""scene_compatibility_ok"": ""yes"", ""main_failure_reason"": """", ""one_prompt_fix"": """" }"
longtool_o1_000035,long_tool_helper_o1_target_absent,O1,/home/yurunze/peter_ws/m2g_learn/20260622Fourlegged_tool_aware/code/AHD-benchmark/data/generated_runs/ahd_cosmos3_raw240/images/o1/longtool_o1_000035.jpg,semantic_keep,True,high,True,success,,not_applicable,not_applicable,yes,yes,no,not_applicable,yes,yes,,,qwen3-vl:32b-instruct-q4_K_M,llm_enriched,qwen3-vl:30b-a3b-instruct-q4_K_M,,"{ ""keep"": true, ""confidence"": ""high"", ""spec_id"": ""longtool_o1_000035"", ""spec_type"": ""long_tool_helper_o1_target_absent"", ""target_visible_ok"": ""not_applicable"", ""helper_absent_ok"": ""yes"", ""helper_visible_ok"": ""yes"", ""target_absent_ok"": ""yes"", ""forbidden_object_leakage"": ""no"", ""count_reasonable"": ""not_applicable"", ""camera_view_ok"": ""yes"", ""scene_compatibility_ok"": ""yes"", ""main_failure_reason"": """", ""one_prompt_fix"": """" }"
longtool_o1_000036,long_tool_helper_o1_target_absent,O1,/home/yurunze/peter_ws/m2g_learn/20260622Fourlegged_tool_aware/code/AHD-benchmark/data/generated_runs/ahd_cosmos3_raw240/images/o1/longtool_o1_000036.jpg,semantic_keep,True,high,True,success,,not_applicable,not_applicable,yes,yes,no,not_applicable,yes,yes,,,qwen3-vl:32b-instruct-q4_K_M,llm_enriched,qwen3-vl:30b-a3b-instruct-q4_K_M,,"{ ""keep"": true, ""confidence"": ""high"", ""spec_id"": ""longtool_o1_000036"", ""spec_type"": ""long_tool_helper_o1_target_absent"", ""target_visible_ok"": ""not_applicable"", ""helper_absent_ok"": ""no"", ""helper_visible_ok"": ""yes"", ""target_absent_ok"": ""yes"", ""forbidden_object_leakage"": ""no"", ""count_reasonable"": ""not_applicable"", ""camera_view_ok"": ""yes"", ""scene_compatibility_ok"": ""yes"", ""main_failure_reason"": ""helper_visible_ok is yes, but helper_absent_ok is no — the broom (long rigid helper) is visible and sa..."
longtool_o1_000037,long_tool_helper_o1_target_absent,O1,/home/yurunze/peter_ws/m2g_learn/20260622Fourlegged_tool_aware/code/AHD-benchmark/data/generated_runs/ahd_cosmos3_raw240/images/o1/longtool_o1_000037.jpg,semantic_keep,True,high,True,success,,not_applicable,not_applicable,yes,yes,no,not_applicable,yes,yes,,,qwen3-vl:32b-instruct-q4_K_M,llm_enriched,qwen3-vl:30b-a3b-instruct-q4_K_M,,"{ ""keep"": true, ""confidence"": ""high"", ""spec_id"": ""longtool_o1_000037"", ""spec_type"": ""long_tool_helper_o1_target_absent"", ""target_visible_ok"": ""not_applicable"", ""helper_absent_ok"": ""yes"", ""helper_visible_ok"": ""yes"", ""target_absent_ok"": ""yes"", ""forbidden_object_leakage"": ""no"", ""count_reasonable"": ""not_applicable"", ""camera_view_ok"": ""yes"", ""scene_compatibility_ok"": ""yes"", ""main_failure_reason"": """", ""one_prompt_fix"": """" }"
longtool_o1_000038,long_tool_helper_o1_target_absent,O1,/home/yurunze/peter_ws/m2g_learn/20260622Fourlegged_tool_aware/code/AHD-benchmark/data/generated_runs/ahd_cosmos3_raw240/images/o1/longtool_o1_000038.jpg,semantic_keep,True,high,True,success,,not_applicable,not_applicable,yes,yes,no,not_applicable,yes,yes,,,qwen3-vl:32b-instruct-q4_K_M,llm_enriched,qwen3-vl:30b-a3b-instruct-q4_K_M,,"{ ""keep"": true, ""confidence"": ""high"", ""spec_id"": ""longtool_o1_000038"", ""spec_type"": ""long_tool_helper_o1_target_absent"", ""target_visible_ok"": ""not_applicable"", ""helper_absent_ok"": ""yes"", ""helper_visible_ok"": ""yes"", ""target_absent_ok"": ""yes"", ""forbidden_object_leakage"": ""no"", ""count_reasonable"": ""not_applicable"", ""camera_view_ok"": ""yes"", ""scene_compatibility_ok"": ""yes"", ""main_failure_reason"": """", ""one_prompt_fix"": """" }"
longtool_o1_000039,long_tool_helper_o1_target_absent,O1,/home/yurunze/peter_ws/m2g_learn/20260622Fourlegged_tool_aware/code/AHD-benchmark/data/generated_runs/ahd_cosmos3_raw240/images/o1/longtool_o1_000039.jpg,semantic_keep,True,high,True,success,,not_applicable,not_applicable,yes,yes,no,not_applicable,yes,yes,,,qwen3-vl:32b-instruct-q4_K_M,llm_enriched,qwen3-vl:30b-a3b-instruct-q4_K_M,,"{ ""keep"": true, ""confidence"": ""high"", ""spec_id"": ""longtool_o1_000039"", ""spec_type"": ""long_tool_helper_o1_target_absent"", ""target_visible_ok"": ""not_applicable"", ""helper_absent_ok"": ""yes"", ""helper_visible_ok"": ""yes"", ""target_absent_ok"": ""yes"", ""forbidden_object_leakage"": ""no"", ""count_reasonable"": ""not_applicable"", ""camera_view_ok"": ""yes"", ""scene_compatibility_ok"": ""yes"", ""main_failure_reason"": """", ""one_prompt_fix"": """" }"
longtool_o1_000040,long_tool_helper_o1_target_absent,O1,/home/yurunze/peter_ws/m2g_learn/20260622Fourlegged_tool_aware/code/AHD-benchmark/data/generated_runs/ahd_cosmos3_raw240/images/o1/longtool_o1_000040.jpg,semantic_keep,True,high,True,success,,not_applicable,not_applicable,yes,yes,no,not_applicable,yes,yes,,,qwen3-vl:32b-instruct-q4_K_M,llm_enriched,qwen3-vl:30b-a3b-instruct-q4_K_M,,"{ ""keep"": true, ""confidence"": ""high"", ""spec_id"": ""longtool_o1_000040"", ""spec_type"": ""long_tool_helper_o1_target_absent"", ""target_visible_ok"": ""not_applicable"", ""helper_absent_ok"": ""yes"", ""helper_visible_ok"": ""yes"", ""target_absent_ok"": ""yes"", ""forbidden_object_leakage"": ""no"", ""count_reasonable"": ""not_applicable"", ""camera_view_ok"": ""yes"", ""scene_compatibility_ok"": ""yes"", ""main_failure_reason"": """", ""one_prompt_fix"": """" }"
wrong_o1_000001,wrong_helper_o1_target_absent,O1,/home/yurunze/peter_ws/m2g_learn/20260622Fourlegged_tool_aware/code/AHD-benchmark/data/generated_runs/ahd_cosmos3_raw240/images/o1/wrong_o1_000001.jpg,semantic_keep,True,high,False,success,,not_applicable,yes,no,yes,no,not_applicable,yes,yes,,,qwen3-vl:32b-instruct-q4_K_M,llm_enriched,qwen3-vl:30b-a3b-instruct-q4_K_M,,"{ ""keep"": true, ""confidence"": ""high"", ""spec_id"": ""wrong_o1_000001"", ""spec_type"": ""wrong_helper_o1_target_absent"", ""target_visible_ok"": ""not_applicable"", ""helper_absent_ok"": ""yes"", ""helper_visible_ok"": ""no"", ""target_absent_ok"": ""yes"", ""forbidden_object_leakage"": ""no"", ""count_reasonable"": ""not_applicable"", ""camera_view_ok"": ""yes"", ""scene_compatibility_ok"": ""yes"", ""main_failure_reason"": """", ""one_prompt_fix"": """" }"
wrong_o1_000002,wrong_helper_o1_target_absent,O1,/home/yurunze/peter_ws/m2g_learn/20260622Fourlegged_tool_aware/code/AHD-benchmark/data/generated_runs/ahd_cosmos3_raw240/images/o1/wrong_o1_000002.jpg,semantic_reject,False,high,False,success,,no,yes,no,no,yes,not_applicable,yes,yes,"The image contains a visible cup (a distractor) but also shows a water bottle under the desk, which is a target object and violates the requirement for target_absent_ok=yes. Additionally, the negative prompt explicitly forbids showing water bottles, indicating forbidden_object_leakage.",Strengthen the negative prompt to strictly exclude any visible water bottles or drink containers in O1 scenes.,qwen3-vl:32b-instruct-q4_K_M,llm_enriched,qwen3-vl:30b-a3b-instruct-q4_K_M,,"{ ""keep"": false, ""confidence"": ""high"", ""spec_id"": ""wrong_o1_000002"", ""spec_type"": ""wrong_helper_o1_target_absent"", ""target_visible_ok"": ""no"", ""helper_absent_ok"": ""yes"", ""helper_visible_ok"": ""no"", ""target_absent_ok"": ""no"", ""forbidden_object_leakage"": ""yes"", ""count_reasonable"": ""not_applicable"", ""camera_view_ok"": ""yes"", ""scene_compatibility_ok"": ""yes"", ""main_failure_reason"": ""The image contains a visible cup (a distractor) but also shows a water bottle under the desk, which is a target object a..."
wrong_o1_000003,wrong_helper_o1_target_absent,O1,/home/yurunze/peter_ws/m2g_learn/20260622Fourlegged_tool_aware/code/AHD-benchmark/data/generated_runs/ahd_cosmos3_raw240/images/o1/wrong_o1_000003.jpg,semantic_reject,False,high,False,success,,no,yes,no,yes,no,not_applicable,uncertain,yes,"The image does not contain any visible wrong distractor object (e.g., book, cup, cloth, pillow, shoe) as required for O1 in this spec. Instead, it shows a typical bedroom scene with furniture and lighting, which is irrelevant to the task of identifying a wrong helper. The target objects (drinks/b...","Include a clearly visible wrong distractor such as a pillow, book, cup, or shoe in the scene while keeping original targets and correct helpers absent.",qwen3-vl:32b-instruct-q4_K_M,llm_enriched,qwen3-vl:30b-a3b-instruct-q4_K_M,,"{ ""keep"": false, ""confidence"": ""high"", ""spec_id"": ""wrong_o1_000003"", ""spec_type"": ""wrong_helper_o1_target_absent"", ""target_visible_ok"": ""no"", ""helper_absent_ok"": ""yes"", ""helper_visible_ok"": ""no"", ""target_absent_ok"": ""yes"", ""forbidden_object_leakage"": ""no"", ""count_reasonable"": ""not_applicable"", ""camera_view_ok"": ""uncertain"", ""scene_compatibility_ok"": ""yes"", ""main_failure_reason"": ""The image does not contain any visible wrong distractor object (e.g., book, cup, cloth, pillow, shoe) as required ..."
wrong_o1_000004,wrong_helper_o1_target_absent,O1,/home/yurunze/peter_ws/m2g_learn/20260622Fourlegged_tool_aware/code/AHD-benchmark/data/generated_runs/ahd_cosmos3_raw240/images/o1/wrong_o1_000004.jpg,semantic_keep,True,high,False,success,,not_applicable,yes,no,yes,no,not_applicable,yes,yes,,,qwen3-vl:32b-instruct-q4_K_M,llm_enriched,qwen3-vl:30b-a3b-instruct-q4_K_M,,"{ ""keep"": true, ""confidence"": ""high"", ""spec_id"": ""wrong_o1_000004"", ""spec_type"": ""wrong_helper_o1_target_absent"", ""target_visible_ok"": ""not_applicable"", ""helper_absent_ok"": ""yes"", ""helper_visible_ok"": ""no"", ""target_absent_ok"": ""yes"", ""forbidden_object_leakage"": ""no"", ""count_reasonable"": ""not_applicable"", ""camera_view_ok"": ""yes"", ""scene_compatibility_ok"": ""yes"", ""main_failure_reason"": """", ""one_prompt_fix"": """" }"
wrong_o1_000005,wrong_helper_o1_target_absent,O1,/home/yurunze/peter_ws/m2g_learn/20260622Fourlegged_tool_aware/code/AHD-benchmark/data/generated_runs/ahd_cosmos3_raw240/images/o1/wrong_o1_000005.jpg,semantic_keep,True,high,False,success,,not_applicable,yes,no,yes,no,not_applicable,yes,yes,,,qwen3-vl:32b-instruct-q4_K_M,llm_enriched,qwen3-vl:30b-a3b-instruct-q4_K_M,,"{ ""keep"": true, ""confidence"": ""high"", ""spec_id"": ""wrong_o1_000005"", ""spec_type"": ""wrong_helper_o1_target_absent"", ""target_visible_ok"": ""not_applicable"", ""helper_absent_ok"": ""yes"", ""helper_visible_ok"": ""no"", ""target_absent_ok"": ""yes"", ""forbidden_object_leakage"": ""no"", ""count_reasonable"": ""not_applicable"", ""camera_view_ok"": ""yes"", ""scene_compatibility_ok"": ""yes"", ""main_failure_reason"": """", ""one_prompt_fix"": """" }"
wrong_o1_000006,wrong_helper_o1_target_absent,O1,/home/yurunze/peter_ws/m2g_learn/20260622Fourlegged_tool_aware/code/AHD-benchmark/data/generated_runs/ahd_cosmos3_raw240/images/o1/wrong_o1_000006.jpg,semantic_keep,True,high,False,success,,not_applicable,yes,no,yes,no,not_applicable,yes,yes,,,qwen3-vl:32b-instruct-q4_K_M,llm_enriched,qwen3-vl:30b-a3b-instruct-q4_K_M,,"{ ""keep"": true, ""confidence"": ""high"", ""spec_id"": ""wrong_o1_000006"", ""spec_type"": ""wrong_helper_o1_target_absent"", ""target_visible_ok"": ""not_applicable"", ""helper_absent_ok"": ""yes"", ""helper_visible_ok"": ""no"", ""target_absent_ok"": ""yes"", ""forbidden_object_leakage"": ""no"", ""count_reasonable"": ""not_applicable"", ""camera_view_ok"": ""yes"", ""scene_compatibility_ok"": ""yes"", ""main_failure_reason"": """", ""one_prompt_fix"": """" }"
wrong_o1_000007,wrong_helper_o1_target_absent,O1,/home/yurunze/peter_ws/m2g_learn/20260622Fourlegged_tool_aware/code/AHD-benchmark/data/generated_runs/ahd_cosmos3_raw240/images/o1/wrong_o1_000007.jpg,semantic_keep,True,high,False,success,,not_applicable,yes,no,yes,no,not_applicable,yes,yes,,,qwen3-vl:32b-instruct-q4_K_M,llm_enriched,qwen3-vl:30b-a3b-instruct-q4_K_M,,"{ ""keep"": true, ""confidence"": ""high"", ""spec_id"": ""wrong_o1_000007"", ""spec_type"": ""wrong_helper_o1_target_absent"", ""target_visible_ok"": ""not_applicable"", ""helper_absent_ok"": ""yes"", ""helper_visible_ok"": ""no"", ""target_absent_ok"": ""yes"", ""forbidden_object_leakage"": ""no"", ""count_reasonable"": ""not_applicable"", ""camera_view_ok"": ""yes"", ""scene_compatibility_ok"": ""yes"", ""main_failure_reason"": """", ""one_prompt_fix"": """" }"
wrong_o1_000008,wrong_helper_o1_target_absent,O1,/home/yurunze/peter_ws/m2g_learn/20260622Fourlegged_tool_aware/code/AHD-benchmark/data/generated_runs/ahd_cosmos3_raw240/images/o1/wrong_o1_000008.jpg,semantic_keep,True,high,False,success,,not_applicable,yes,no,yes,no,not_applicable,yes,yes,,,qwen3-vl:32b-instruct-q4_K_M,llm_enriched,qwen3-vl:30b-a3b-instruct-q4_K_M,,"{ ""keep"": true, ""confidence"": ""high"", ""spec_id"": ""wrong_o1_000008"", ""spec_type"": ""wrong_helper_o1_target_absent"", ""target_visible_ok"": ""not_applicable"", ""helper_absent_ok"": ""yes"", ""helper_visible_ok"": ""no"", ""target_absent_ok"": ""yes"", ""forbidden_object_leakage"": ""no"", ""count_reasonable"": ""not_applicable"", ""camera_view_ok"": ""yes"", ""scene_compatibility_ok"": ""yes"", ""main_failure_reason"": """", ""one_prompt_fix"": """" }"
wrong_o1_000009,wrong_helper_o1_target_absent,O1,/home/yurunze/peter_ws/m2g_learn/20260622Fourlegged_tool_aware/code/AHD-benchmark/data/generated_runs/ahd_cosmos3_raw240/images/o1/wrong_o1_000009.jpg,semantic_keep,True,high,False,success,,not_applicable,yes,no,yes,no,not_applicable,yes,yes,,,qwen3-vl:32b-instruct-q4_K_M,llm_enriched,qwen3-vl:30b-a3b-instruct-q4_K_M,,"{ ""keep"": true, ""confidence"": ""high"", ""spec_id"": ""wrong_o1_000009"", ""spec_type"": ""wrong_helper_o1_target_absent"", ""target_visible_ok"": ""not_applicable"", ""helper_absent_ok"": ""yes"", ""helper_visible_ok"": ""no"", ""target_absent_ok"": ""yes"", ""forbidden_object_leakage"": ""no"", ""count_reasonable"": ""not_applicable"", ""camera_view_ok"": ""yes"", ""scene_compatibility_ok"": ""yes"", ""main_failure_reason"": """", ""one_prompt_fix"": """" }"
wrong_o1_000010,wrong_helper_o1_target_absent,O1,/home/yurunze/peter_ws/m2g_learn/20260622Fourlegged_tool_aware/code/AHD-benchmark/data/generated_runs/ahd_cosmos3_raw240/images/o1/wrong_o1_000010.jpg,semantic_keep,True,high,False,success,,not_applicable,yes,no,yes,no,not_applicable,yes,yes,,,qwen3-vl:32b-instruct-q4_K_M,llm_enriched,qwen3-vl:30b-a3b-instruct-q4_K_M,,"{ ""keep"": true, ""confidence"": ""high"", ""spec_id"": ""wrong_o1_000010"", ""spec_type"": ""wrong_helper_o1_target_absent"", ""target_visible_ok"": ""not_applicable"", ""helper_absent_ok"": ""yes"", ""helper_visible_ok"": ""no"", ""target_absent_ok"": ""yes"", ""forbidden_object_leakage"": ""no"", ""count_reasonable"": ""not_applicable"", ""camera_view_ok"": ""yes"", ""scene_compatibility_ok"": ""yes"", ""main_failure_reason"": """", ""one_prompt_fix"": """" }"
wrong_o1_000011,wrong_helper_o1_target_absent,O1,/home/yurunze/peter_ws/m2g_learn/20260622Fourlegged_tool_aware/code/AHD-benchmark/data/generated_runs/ahd_cosmos3_raw240/images/o1/wrong_o1_000011.jpg,semantic_keep,True,high,False,success,,not_applicable,yes,no,yes,no,not_applicable,yes,yes,,,qwen3-vl:32b-instruct-q4_K_M,llm_enriched,qwen3-vl:30b-a3b-instruct-q4_K_M,,"{ ""keep"": true, ""confidence"": ""high"", ""spec_id"": ""wrong_o1_000011"", ""spec_type"": ""wrong_helper_o1_target_absent"", ""target_visible_ok"": ""not_applicable"", ""helper_absent_ok"": ""yes"", ""helper_visible_ok"": ""no"", ""target_absent_ok"": ""yes"", ""forbidden_object_leakage"": ""no"", ""count_reasonable"": ""not_applicable"", ""camera_view_ok"": ""yes"", ""scene_compatibility_ok"": ""yes"", ""main_failure_reason"": """", ""one_prompt_fix"": """" }"
wrong_o1_000012,wrong_helper_o1_target_absent,O1,/home/yurunze/peter_ws/m2g_learn/20260622Fourlegged_tool_aware/code/AHD-benchmark/data/generated_runs/ahd_cosmos3_raw240/images/o1/wrong_o1_000012.jpg,semantic_keep,True,high,False,success,,not_applicable,yes,no,yes,no,not_applicable,yes,yes,,,qwen3-vl:32b-instruct-q4_K_M,llm_enriched,qwen3-vl:30b-a3b-instruct-q4_K_M,,"{ ""keep"": true, ""confidence"": ""high"", ""spec_id"": ""wrong_o1_000012"", ""spec_type"": ""wrong_helper_o1_target_absent"", ""target_visible_ok"": ""not_applicable"", ""helper_absent_ok"": ""yes"", ""helper_visible_ok"": ""no"", ""target_absent_ok"": ""yes"", ""forbidden_object_leakage"": ""no"", ""count_reasonable"": ""not_applicable"", ""camera_view_ok"": ""yes"", ""scene_compatibility_ok"": ""yes"", ""main_failure_reason"": """", ""one_prompt_fix"": """" }"
wrong_o1_000013,wrong_helper_o1_target_absent,O1,/home/yurunze/peter_ws/m2g_learn/20260622Fourlegged_tool_aware/code/AHD-benchmark/data/generated_runs/ahd_cosmos3_raw240/images/o1/wrong_o1_000013.jpg,semantic_keep,True,high,False,success,,not_applicable,yes,no,yes,no,not_applicable,yes,yes,,,qwen3-vl:32b-instruct-q4_K_M,llm_enriched,qwen3-vl:30b-a3b-instruct-q4_K_M,,"{ ""keep"": true, ""confidence"": ""high"", ""spec_id"": ""wrong_o1_000013"", ""spec_type"": ""wrong_helper_o1_target_absent"", ""target_visible_ok"": ""not_applicable"", ""helper_absent_ok"": ""yes"", ""helper_visible_ok"": ""no"", ""target_absent_ok"": ""yes"", ""forbidden_object_leakage"": ""no"", ""count_reasonable"": ""not_applicable"", ""camera_view_ok"": ""yes"", ""scene_compatibility_ok"": ""yes"", ""main_failure_reason"": """", ""one_prompt_fix"": """" }"
wrong_o1_000014,wrong_helper_o1_target_absent,O1,/home/yurunze/peter_ws/m2g_learn/20260622Fourlegged_tool_aware/code/AHD-benchmark/data/generated_runs/ahd_cosmos3_raw240/images/o1/wrong_o1_000014.jpg,semantic_keep,True,high,False,success,,not_applicable,yes,no,yes,no,not_applicable,yes,yes,,,qwen3-vl:32b-instruct-q4_K_M,llm_enriched,qwen3-vl:30b-a3b-instruct-q4_K_M,,"{ ""keep"": true, ""confidence"": ""high"", ""spec_id"": ""wrong_o1_000014"", ""spec_type"": ""wrong_helper_o1_target_absent"", ""target_visible_ok"": ""not_applicable"", ""helper_absent_ok"": ""yes"", ""helper_visible_ok"": ""no"", ""target_absent_ok"": ""yes"", ""forbidden_object_leakage"": ""no"", ""count_reasonable"": ""not_applicable"", ""camera_view_ok"": ""yes"", ""scene_compatibility_ok"": ""yes"", ""main_failure_reason"": """", ""one_prompt_fix"": """" }"
wrong_o1_000015,wrong_helper_o1_target_absent,O1,/home/yurunze/peter_ws/m2g_learn/20260622Fourlegged_tool_aware/code/AHD-benchmark/data/generated_runs/ahd_cosmos3_raw240/images/o1/wrong_o1_000015.jpg,semantic_keep,True,high,False,success,,not_applicable,yes,no,yes,no,not_applicable,yes,yes,,,qwen3-vl:32b-instruct-q4_K_M,llm_enriched,qwen3-vl:30b-a3b-instruct-q4_K_M,,"{ ""keep"": true, ""confidence"": ""high"", ""spec_id"": ""wrong_o1_000015"", ""spec_type"": ""wrong_helper_o1_target_absent"", ""target_visible_ok"": ""not_applicable"", ""helper_absent_ok"": ""yes"", ""helper_visible_ok"": ""no"", ""target_absent_ok"": ""yes"", ""forbidden_object_leakage"": ""no"", ""count_reasonable"": ""not_applicable"", ""camera_view_ok"": ""yes"", ""scene_compatibility_ok"": ""yes"", ""main_failure_reason"": """", ""one_prompt_fix"": """" }"
wrong_o1_000016,wrong_helper_o1_target_absent,O1,/home/yurunze/peter_ws/m2g_learn/20260622Fourlegged_tool_aware/code/AHD-benchmark/data/generated_runs/ahd_cosmos3_raw240/images/o1/wrong_o1_000016.jpg,semantic_reject,False,high,False,success,,no,no,yes,no,yes,not_applicable,uncertain,uncertain,"The image contains forbidden objects: a water bottle and a remote control, which are original targets that should be absent in O1. Additionally, the robot is not a wrong distractor as specified; it may be interpreted as a helper, but the prompt explicitly forbids any helper or tool. The scene als...","Remove all original targets (water bottle, remote control) and ensure no helper or container objects are visible; use only a wrong distractor like a book, cloth, or shoe.",qwen3-vl:32b-instruct-q4_K_M,llm_enriched,qwen3-vl:30b-a3b-instruct-q4_K_M,,"{ ""keep"": false, ""confidence"": ""high"", ""spec_id"": ""wrong_o1_000016"", ""spec_type"": ""wrong_helper_o1_target_absent"", ""target_visible_ok"": ""no"", ""helper_absent_ok"": ""no"", ""helper_visible_ok"": ""yes"", ""target_absent_ok"": ""no"", ""forbidden_object_leakage"": ""yes"", ""count_reasonable"": ""not_applicable"", ""camera_view_ok"": ""uncertain"", ""scene_compatibility_ok"": ""uncertain"", ""main_failure_reason"": ""The image contains forbidden objects: a water bottle and a remote control, which are original targets that s..."
wrong_o1_000017,wrong_helper_o1_target_absent,O1,/home/yurunze/peter_ws/m2g_learn/20260622Fourlegged_tool_aware/code/AHD-benchmark/data/generated_runs/ahd_cosmos3_raw240/images/o1/wrong_o1_000017.jpg,semantic_keep,True,high,False,success,,not_applicable,yes,no,yes,no,not_applicable,yes,yes,,,qwen3-vl:32b-instruct-q4_K_M,llm_enriched,qwen3-vl:30b-a3b-instruct-q4_K_M,,"{ ""keep"": true, ""confidence"": ""high"", ""spec_id"": ""wrong_o1_000017"", ""spec_type"": ""wrong_helper_o1_target_absent"", ""target_visible_ok"": ""not_applicable"", ""helper_absent_ok"": ""yes"", ""helper_visible_ok"": ""no"", ""target_absent_ok"": ""yes"", ""forbidden_object_leakage"": ""no"", ""count_reasonable"": ""not_applicable"", ""camera_view_ok"": ""yes"", ""scene_compatibility_ok"": ""yes"", ""main_failure_reason"": """", ""one_prompt_fix"": """" }"
wrong_o1_000018,wrong_helper_o1_target_absent,O1,/home/yurunze/peter_ws/m2g_learn/20260622Fourlegged_tool_aware/code/AHD-benchmark/data/generated_runs/ahd_cosmos3_raw240/images/o1/wrong_o1_000018.jpg,semantic_keep,True,high,False,success,,not_applicable,yes,no,yes,no,not_applicable,yes,yes,,,qwen3-vl:32b-instruct-q4_K_M,llm_enriched,qwen3-vl:30b-a3b-instruct-q4_K_M,,"{ ""keep"": true, ""confidence"": ""high"", ""spec_id"": ""wrong_o1_000018"", ""spec_type"": ""wrong_helper_o1_target_absent"", ""target_visible_ok"": ""not_applicable"", ""helper_absent_ok"": ""yes"", ""helper_visible_ok"": ""no"", ""target_absent_ok"": ""yes"", ""forbidden_object_leakage"": ""no"", ""count_reasonable"": ""not_applicable"", ""camera_view_ok"": ""yes"", ""scene_compatibility_ok"": ""yes"", ""main_failure_reason"": """", ""one_prompt_fix"": """" }"
wrong_o1_000019,wrong_helper_o1_target_absent,O1,/home/yurunze/peter_ws/m2g_learn/20260622Fourlegged_tool_aware/code/AHD-benchmark/data/generated_runs/ahd_cosmos3_raw240/images/o1/wrong_o1_000019.jpg,semantic_keep,True,high,False,success,,not_applicable,yes,no,yes,no,not_applicable,yes,yes,,,qwen3-vl:32b-instruct-q4_K_M,llm_enriched,qwen3-vl:30b-a3b-instruct-q4_K_M,,"{ ""keep"": true, ""confidence"": ""high"", ""spec_id"": ""wrong_o1_000019"", ""spec_type"": ""wrong_helper_o1_target_absent"", ""target_visible_ok"": ""not_applicable"", ""helper_absent_ok"": ""yes"", ""helper_visible_ok"": ""no"", ""target_absent_ok"": ""yes"", ""forbidden_object_leakage"": ""no"", ""count_reasonable"": ""not_applicable"", ""camera_view_ok"": ""yes"", ""scene_compatibility_ok"": ""yes"", ""main_failure_reason"": """", ""one_prompt_fix"": """" }"
wrong_o1_000020,wrong_helper_o1_target_absent,O1,/home/yurunze/peter_ws/m2g_learn/20260622Fourlegged_tool_aware/code/AHD-benchmark/data/generated_runs/ahd_cosmos3_raw240/images/o1/wrong_o1_000020.jpg,semantic_keep,True,high,False,success,,not_applicable,yes,no,yes,no,not_applicable,yes,yes,,,qwen3-vl:32b-instruct-q4_K_M,llm_enriched,qwen3-vl:30b-a3b-instruct-q4_K_M,,"{ ""keep"": true, ""confidence"": ""high"", ""spec_id"": ""wrong_o1_000020"", ""spec_type"": ""wrong_helper_o1_target_absent"", ""target_visible_ok"": ""not_applicable"", ""helper_absent_ok"": ""yes"", ""helper_visible_ok"": ""no"", ""target_absent_ok"": ""yes"", ""forbidden_object_leakage"": ""no"", ""count_reasonable"": ""not_applicable"", ""camera_view_ok"": ""yes"", ""scene_compatibility_ok"": ""yes"", ""main_failure_reason"": """", ""one_prompt_fix"": """" }"
wrong_o1_000021,wrong_helper_o1_target_absent,O1,/home/yurunze/peter_ws/m2g_learn/20260622Fourlegged_tool_aware/code/AHD-benchmark/data/generated_runs/ahd_cosmos3_raw240/images/o1/wrong_o1_000021.jpg,semantic_keep,True,high,False,success,,not_applicable,yes,no,yes,no,not_applicable,yes,yes,,,qwen3-vl:32b-instruct-q4_K_M,llm_enriched,qwen3-vl:30b-a3b-instruct-q4_K_M,,"{ ""keep"": true, ""confidence"": ""high"", ""spec_id"": ""wrong_o1_000021"", ""spec_type"": ""wrong_helper_o1_target_absent"", ""target_visible_ok"": ""not_applicable"", ""helper_absent_ok"": ""yes"", ""helper_visible_ok"": ""no"", ""target_absent_ok"": ""yes"", ""forbidden_object_leakage"": ""no"", ""count_reasonable"": ""not_applicable"", ""camera_view_ok"": ""yes"", ""scene_compatibility_ok"": ""yes"", ""main_failure_reason"": """", ""one_prompt_fix"": """" }"
wrong_o1_000022,wrong_helper_o1_target_absent,O1,/home/yurunze/peter_ws/m2g_learn/20260622Fourlegged_tool_aware/code/AHD-benchmark/data/generated_runs/ahd_cosmos3_raw240/images/o1/wrong_o1_000022.jpg,semantic_keep,True,high,False,success,,not_applicable,yes,no,yes,no,not_applicable,yes,yes,,,qwen3-vl:32b-instruct-q4_K_M,llm_enriched,qwen3-vl:30b-a3b-instruct-q4_K_M,,"{ ""keep"": true, ""confidence"": ""high"", ""spec_id"": ""wrong_o1_000022"", ""spec_type"": ""wrong_helper_o1_target_absent"", ""target_visible_ok"": ""not_applicable"", ""helper_absent_ok"": ""yes"", ""helper_visible_ok"": ""no"", ""target_absent_ok"": ""yes"", ""forbidden_object_leakage"": ""no"", ""count_reasonable"": ""not_applicable"", ""camera_view_ok"": ""yes"", ""scene_compatibility_ok"": ""yes"", ""main_failure_reason"": """", ""one_prompt_fix"": """" }"
wrong_o1_000023,wrong_helper_o1_target_absent,O1,/home/yurunze/peter_ws/m2g_learn/20260622Fourlegged_tool_aware/code/AHD-benchmark/data/generated_runs/ahd_cosmos3_raw240/images/o1/wrong_o1_000023.jpg,generation_failed,False,low,False,failed,"return self._call_impl(*args, **kwargs) ~~~~~~~~~~~~~~~^^^^^^^^^^^^^^^^^ File ""/data0/yurunze/conda_envs/codex_cosmos/lib/python3.13/site-packages/torch/nn/modules/module.py"", line 1787, in _call_impl return forward_call(*args, **kwargs) File ""/data0/yurunze/conda_envs/codex_cosmos/lib/python3.13...",uncertain,uncertain,uncertain,uncertain,uncertain,uncertain,uncertain,uncertain,"return self._call_impl(*args, **kwargs) ~~~~~~~~~~~~~~~^^^^^^^^^^^^^^^^^ File ""/data0/yurunze/conda_envs/codex_cosmos/lib/python3.13/site-packages/torch/nn/modules/module.py"", line 1787, in _call_impl return forward_call(*args, **kwargs) File ""/data0/yurunze/conda_envs/codex_cosmos/lib/python3.13...",Rerun this generation row after freeing GPU memory or moving Cosmos3 to an available GPU.,qwen3-vl:32b-instruct-q4_K_M,llm_enriched,qwen3-vl:30b-a3b-instruct-q4_K_M,,
wrong_o1_000024,wrong_helper_o1_target_absent,O1,/home/yurunze/peter_ws/m2g_learn/20260622Fourlegged_tool_aware/code/AHD-benchmark/data/generated_runs/ahd_cosmos3_raw240/images/o1/wrong_o1_000024.jpg,semantic_keep,True,high,False,success,,not_applicable,yes,no,yes,no,not_applicable,yes,yes,,,qwen3-vl:32b-instruct-q4_K_M,llm_enriched,qwen3-vl:30b-a3b-instruct-q4_K_M,,"{ ""keep"": true, ""confidence"": ""high"", ""spec_id"": ""wrong_o1_000024"", ""spec_type"": ""wrong_helper_o1_target_absent"", ""target_visible_ok"": ""not_applicable"", ""helper_absent_ok"": ""yes"", ""helper_visible_ok"": ""no"", ""target_absent_ok"": ""yes"", ""forbidden_object_leakage"": ""no"", ""count_reasonable"": ""not_applicable"", ""camera_view_ok"": ""yes"", ""scene_compatibility_ok"": ""yes"", ""main_failure_reason"": """", ""one_prompt_fix"": """" }"
wrong_o1_000025,wrong_helper_o1_target_absent,O1,/home/yurunze/peter_ws/m2g_learn/20260622Fourlegged_tool_aware/code/AHD-benchmark/data/generated_runs/ahd_cosmos3_raw240/images/o1/wrong_o1_000025.jpg,semantic_keep,True,high,False,success,,not_applicable,yes,no,yes,no,not_applicable,yes,yes,,,qwen3-vl:32b-instruct-q4_K_M,llm_enriched,qwen3-vl:30b-a3b-instruct-q4_K_M,,"{ ""keep"": true, ""confidence"": ""high"", ""spec_id"": ""wrong_o1_000025"", ""spec_type"": ""wrong_helper_o1_target_absent"", ""target_visible_ok"": ""not_applicable"", ""helper_absent_ok"": ""yes"", ""helper_visible_ok"": ""no"", ""target_absent_ok"": ""yes"", ""forbidden_object_leakage"": ""no"", ""count_reasonable"": ""not_applicable"", ""camera_view_ok"": ""yes"", ""scene_compatibility_ok"": ""yes"", ""main_failure_reason"": """", ""one_prompt_fix"": """" }"
wrong_o1_000026,wrong_helper_o1_target_absent,O1,/home/yurunze/peter_ws/m2g_learn/20260622Fourlegged_tool_aware/code/AHD-benchmark/data/generated_runs/ahd_cosmos3_raw240/images/o1/wrong_o1_000026.jpg,semantic_keep,True,high,False,success,,not_applicable,yes,no,yes,no,not_applicable,yes,yes,,,qwen3-vl:32b-instruct-q4_K_M,llm_enriched,qwen3-vl:30b-a3b-instruct-q4_K_M,,"{ ""keep"": true, ""confidence"": ""high"", ""spec_id"": ""wrong_o1_000026"", ""spec_type"": ""wrong_helper_o1_target_absent"", ""target_visible_ok"": ""not_applicable"", ""helper_absent_ok"": ""yes"", ""helper_visible_ok"": ""no"", ""target_absent_ok"": ""yes"", ""forbidden_object_leakage"": ""no"", ""count_reasonable"": ""not_applicable"", ""camera_view_ok"": ""yes"", ""scene_compatibility_ok"": ""yes"", ""main_failure_reason"": """", ""one_prompt_fix"": """" }"
wrong_o1_000027,wrong_helper_o1_target_absent,O1,/home/yurunze/peter_ws/m2g_learn/20260622Fourlegged_tool_aware/code/AHD-benchmark/data/generated_runs/ahd_cosmos3_raw240/images/o1/wrong_o1_000027.jpg,semantic_keep,True,high,False,success,,not_applicable,yes,no,yes,no,not_applicable,yes,yes,,,qwen3-vl:32b-instruct-q4_K_M,llm_enriched,qwen3-vl:30b-a3b-instruct-q4_K_M,,"{ ""keep"": true, ""confidence"": ""high"", ""spec_id"": ""wrong_o1_000027"", ""spec_type"": ""wrong_helper_o1_target_absent"", ""target_visible_ok"": ""not_applicable"", ""helper_absent_ok"": ""yes"", ""helper_visible_ok"": ""no"", ""target_absent_ok"": ""yes"", ""forbidden_object_leakage"": ""no"", ""count_reasonable"": ""not_applicable"", ""camera_view_ok"": ""yes"", ""scene_compatibility_ok"": ""yes"", ""main_failure_reason"": """", ""one_prompt_fix"": """" }"
wrong_o1_000028,wrong_helper_o1_target_absent,O1,/home/yurunze/peter_ws/m2g_learn/20260622Fourlegged_tool_aware/code/AHD-benchmark/data/generated_runs/ahd_cosmos3_raw240/images/o1/wrong_o1_000028.jpg,semantic_keep,True,high,False,success,,not_applicable,yes,no,yes,no,not_applicable,yes,yes,,,qwen3-vl:32b-instruct-q4_K_M,llm_enriched,qwen3-vl:30b-a3b-instruct-q4_K_M,,"{ ""keep"": true, ""confidence"": ""high"", ""spec_id"": ""wrong_o1_000028"", ""spec_type"": ""wrong_helper_o1_target_absent"", ""target_visible_ok"": ""not_applicable"", ""helper_absent_ok"": ""yes"", ""helper_visible_ok"": ""no"", ""target_absent_ok"": ""yes"", ""forbidden_object_leakage"": ""no"", ""count_reasonable"": ""not_applicable"", ""camera_view_ok"": ""yes"", ""scene_compatibility_ok"": ""yes"", ""main_failure_reason"": """", ""one_prompt_fix"": """" }"
wrong_o1_000029,wrong_helper_o1_target_absent,O1,/home/yurunze/peter_ws/m2g_learn/20260622Fourlegged_tool_aware/code/AHD-benchmark/data/generated_runs/ahd_cosmos3_raw240/images/o1/wrong_o1_000029.jpg,semantic_keep,True,high,False,success,,not_applicable,yes,no,yes,no,not_applicable,yes,yes,,,qwen3-vl:32b-instruct-q4_K_M,llm_enriched,qwen3-vl:30b-a3b-instruct-q4_K_M,,"{ ""keep"": true, ""confidence"": ""high"", ""spec_id"": ""wrong_o1_000029"", ""spec_type"": ""wrong_helper_o1_target_absent"", ""target_visible_ok"": ""not_applicable"", ""helper_absent_ok"": ""yes"", ""helper_visible_ok"": ""no"", ""target_absent_ok"": ""yes"", ""forbidden_object_leakage"": ""no"", ""count_reasonable"": ""not_applicable"", ""camera_view_ok"": ""yes"", ""scene_compatibility_ok"": ""yes"", ""main_failure_reason"": """", ""one_prompt_fix"": """" }"
wrong_o1_000030,wrong_helper_o1_target_absent,O1,/home/yurunze/peter_ws/m2g_learn/20260622Fourlegged_tool_aware/code/AHD-benchmark/data/generated_runs/ahd_cosmos3_raw240/images/o1/wrong_o1_000030.jpg,semantic_keep,True,high,False,success,,not_applicable,yes,no,yes,no,not_applicable,yes,yes,,,qwen3-vl:32b-instruct-q4_K_M,llm_enriched,qwen3-vl:30b-a3b-instruct-q4_K_M,,"{ ""keep"": true, ""confidence"": ""high"", ""spec_id"": ""wrong_o1_000030"", ""spec_type"": ""wrong_helper_o1_target_absent"", ""target_visible_ok"": ""not_applicable"", ""helper_absent_ok"": ""yes"", ""helper_visible_ok"": ""no"", ""target_absent_ok"": ""yes"", ""forbidden_object_leakage"": ""no"", ""count_reasonable"": ""not_applicable"", ""camera_view_ok"": ""yes"", ""scene_compatibility_ok"": ""yes"", ""main_failure_reason"": """", ""one_prompt_fix"": """" }"
wrong_o1_000031,wrong_helper_o1_target_absent,O1,/home/yurunze/peter_ws/m2g_learn/20260622Fourlegged_tool_aware/code/AHD-benchmark/data/generated_runs/ahd_cosmos3_raw240/images/o1/wrong_o1_000031.jpg,semantic_reject,False,high,False,success,,no,no,yes,yes,yes,not_applicable,yes,yes,"The image contains a water bottle on the counter, which is explicitly forbidden in the prompt. Additionally, notebooks are visible, which were also excluded per the negative prompt.","Strengthen the negative prompt to strictly exclude water bottles and notebooks, ensuring no forbidden objects appear in the scene.",qwen3-vl:32b-instruct-q4_K_M,llm_enriched,qwen3-vl:30b-a3b-instruct-q4_K_M,,"{ ""keep"": false, ""confidence"": ""high"", ""spec_id"": ""wrong_o1_000031"", ""spec_type"": ""wrong_helper_o1_target_absent"", ""target_visible_ok"": ""no"", ""helper_absent_ok"": ""no"", ""helper_visible_ok"": ""yes"", ""target_absent_ok"": ""yes"", ""forbidden_object_leakage"": ""yes"", ""count_reasonable"": ""not_applicable"", ""camera_view_ok"": ""yes"", ""scene_compatibility_ok"": ""yes"", ""main_failure_reason"": ""The image contains a water bottle on the counter, which is explicitly forbidden in the prompt. Additionally, notebooks ..."
wrong_o1_000032,wrong_helper_o1_target_absent,O1,/home/yurunze/peter_ws/m2g_learn/20260622Fourlegged_tool_aware/code/AHD-benchmark/data/generated_runs/ahd_cosmos3_raw240/images/o1/wrong_o1_000032.jpg,semantic_keep,True,high,False,success,,not_applicable,yes,no,yes,no,not_applicable,yes,yes,,,qwen3-vl:32b-instruct-q4_K_M,llm_enriched,qwen3-vl:30b-a3b-instruct-q4_K_M,,"{ ""keep"": true, ""confidence"": ""high"", ""spec_id"": ""wrong_o1_000032"", ""spec_type"": ""wrong_helper_o1_target_absent"", ""target_visible_ok"": ""not_applicable"", ""helper_absent_ok"": ""yes"", ""helper_visible_ok"": ""no"", ""target_absent_ok"": ""yes"", ""forbidden_object_leakage"": ""no"", ""count_reasonable"": ""not_applicable"", ""camera_view_ok"": ""yes"", ""scene_compatibility_ok"": ""yes"", ""main_failure_reason"": """", ""one_prompt_fix"": """" }"
wrong_o1_000033,wrong_helper_o1_target_absent,O1,/home/yurunze/peter_ws/m2g_learn/20260622Fourlegged_tool_aware/code/AHD-benchmark/data/generated_runs/ahd_cosmos3_raw240/images/o1/wrong_o1_000033.jpg,generation_failed,False,low,False,failed,"torch.OutOfMemoryError: CUDA out of memory. Tried to allocate 20.00 MiB. GPU 0 has a total capacity of 47.41 GiB of which 20.38 MiB is free. Process 688703 has 16.54 GiB memory in use. Including non-PyTorch memory, this process has 30.82 GiB memory in use. Of the allocated memory 30.52 GiB is all...",uncertain,uncertain,uncertain,uncertain,uncertain,uncertain,uncertain,uncertain,"File ""/home/yurunze/peter_ws/m2g_learn/20260622Fourlegged_tool_aware/code/cosmos3/framework/cosmos_framework/model/generator/tokenizers/wan2pt2_vae_4x16x16.py"", line 1194, in encode latent = self.model.encode(videos, self.scale) File ""/home/yurunze/peter_ws/m2g_learn/20260622Fourlegged_tool_aware...",Rerun this generation row after freeing GPU memory or moving Cosmos3 to an available GPU.,qwen3-vl:32b-instruct-q4_K_M,llm_enriched,qwen3-vl:30b-a3b-instruct-q4_K_M,,
wrong_o1_000034,wrong_helper_o1_target_absent,O1,/home/yurunze/peter_ws/m2g_learn/20260622Fourlegged_tool_aware/code/AHD-benchmark/data/generated_runs/ahd_cosmos3_raw240/images/o1/wrong_o1_000034.jpg,semantic_keep,True,high,False,success,,not_applicable,yes,no,yes,no,not_applicable,yes,yes,,,qwen3-vl:32b-instruct-q4_K_M,llm_enriched,qwen3-vl:30b-a3b-instruct-q4_K_M,,"{ ""keep"": true, ""confidence"": ""high"", ""spec_id"": ""wrong_o1_000034"", ""spec_type"": ""wrong_helper_o1_target_absent"", ""target_visible_ok"": ""not_applicable"", ""helper_absent_ok"": ""yes"", ""helper_visible_ok"": ""no"", ""target_absent_ok"": ""yes"", ""forbidden_object_leakage"": ""no"", ""count_reasonable"": ""not_applicable"", ""camera_view_ok"": ""yes"", ""scene_compatibility_ok"": ""yes"", ""main_failure_reason"": """", ""one_prompt_fix"": """" }"
wrong_o1_000035,wrong_helper_o1_target_absent,O1,/home/yurunze/peter_ws/m2g_learn/20260622Fourlegged_tool_aware/code/AHD-benchmark/data/generated_runs/ahd_cosmos3_raw240/images/o1/wrong_o1_000035.jpg,semantic_keep,True,high,False,success,,not_applicable,yes,no,yes,no,not_applicable,yes,yes,,,qwen3-vl:32b-instruct-q4_K_M,llm_enriched,qwen3-vl:30b-a3b-instruct-q4_K_M,,"{ ""keep"": true, ""confidence"": ""high"", ""spec_id"": ""wrong_o1_000035"", ""spec_type"": ""wrong_helper_o1_target_absent"", ""target_visible_ok"": ""not_applicable"", ""helper_absent_ok"": ""yes"", ""helper_visible_ok"": ""no"", ""target_absent_ok"": ""yes"", ""forbidden_object_leakage"": ""no"", ""count_reasonable"": ""not_applicable"", ""camera_view_ok"": ""yes"", ""scene_compatibility_ok"": ""yes"", ""main_failure_reason"": """", ""one_prompt_fix"": """" }"
wrong_o1_000036,wrong_helper_o1_target_absent,O1,/home/yurunze/peter_ws/m2g_learn/20260622Fourlegged_tool_aware/code/AHD-benchmark/data/generated_runs/ahd_cosmos3_raw240/images/o1/wrong_o1_000036.jpg,semantic_keep,True,high,False,success,,not_applicable,yes,no,yes,no,not_applicable,yes,yes,,,qwen3-vl:32b-instruct-q4_K_M,llm_enriched,qwen3-vl:30b-a3b-instruct-q4_K_M,,"{ ""keep"": true, ""confidence"": ""high"", ""spec_id"": ""wrong_o1_000036"", ""spec_type"": ""wrong_helper_o1_target_absent"", ""target_visible_ok"": ""not_applicable"", ""helper_absent_ok"": ""yes"", ""helper_visible_ok"": ""no"", ""target_absent_ok"": ""yes"", ""forbidden_object_leakage"": ""no"", ""count_reasonable"": ""not_applicable"", ""camera_view_ok"": ""yes"", ""scene_compatibility_ok"": ""yes"", ""main_failure_reason"": """", ""one_prompt_fix"": """" }"
wrong_o1_000037,wrong_helper_o1_target_absent,O1,/home/yurunze/peter_ws/m2g_learn/20260622Fourlegged_tool_aware/code/AHD-benchmark/data/generated_runs/ahd_cosmos3_raw240/images/o1/wrong_o1_000037.jpg,semantic_keep,True,high,False,success,,not_applicable,yes,no,yes,no,not_applicable,yes,yes,,,qwen3-vl:32b-instruct-q4_K_M,llm_enriched,qwen3-vl:30b-a3b-instruct-q4_K_M,,"{ ""keep"": true, ""confidence"": ""high"", ""spec_id"": ""wrong_o1_000037"", ""spec_type"": ""wrong_helper_o1_target_absent"", ""target_visible_ok"": ""not_applicable"", ""helper_absent_ok"": ""yes"", ""helper_visible_ok"": ""no"", ""target_absent_ok"": ""yes"", ""forbidden_object_leakage"": ""no"", ""count_reasonable"": ""not_applicable"", ""camera_view_ok"": ""yes"", ""scene_compatibility_ok"": ""yes"", ""main_failure_reason"": """", ""one_prompt_fix"": """" }"
wrong_o1_000038,wrong_helper_o1_target_absent,O1,/home/yurunze/peter_ws/m2g_learn/20260622Fourlegged_tool_aware/code/AHD-benchmark/data/generated_runs/ahd_cosmos3_raw240/images/o1/wrong_o1_000038.jpg,semantic_reject,False,high,False,success,,no,yes,no,yes,yes,not_applicable,yes,yes,"The image contains a mobile robot with an articulated arm, which is not a wrong distractor as specified; instead, it is a potential helper object. Additionally, the negative prompt explicitly forbids containers and tools, yet the robot may be interpreted as a long-tool or container-like helper du...","Remove the mobile robot with articulated arm from the scene and replace it with a clearly visible wrong distractor such as a book, cup, or cloth on the kitchen counter.",qwen3-vl:32b-instruct-q4_K_M,llm_enriched,qwen3-vl:30b-a3b-instruct-q4_K_M,,"{ ""keep"": false, ""confidence"": ""high"", ""spec_id"": ""wrong_o1_000038"", ""spec_type"": ""wrong_helper_o1_target_absent"", ""target_visible_ok"": ""no"", ""helper_absent_ok"": ""yes"", ""helper_visible_ok"": ""no"", ""target_absent_ok"": ""yes"", ""forbidden_object_leakage"": ""yes"", ""count_reasonable"": ""not_applicable"", ""camera_view_ok"": ""yes"", ""scene_compatibility_ok"": ""yes"", ""main_failure_reason"": ""The image contains a mobile robot with an articulated arm, which is not a wrong distractor as specified; instead, it is..."
wrong_o1_000039,wrong_helper_o1_target_absent,O1,/home/yurunze/peter_ws/m2g_learn/20260622Fourlegged_tool_aware/code/AHD-benchmark/data/generated_runs/ahd_cosmos3_raw240/images/o1/wrong_o1_000039.jpg,semantic_keep,True,high,False,success,,not_applicable,yes,no,yes,no,not_applicable,yes,yes,,,qwen3-vl:32b-instruct-q4_K_M,llm_enriched,qwen3-vl:30b-a3b-instruct-q4_K_M,,"{ ""keep"": true, ""confidence"": ""high"", ""spec_id"": ""wrong_o1_000039"", ""spec_type"": ""wrong_helper_o1_target_absent"", ""target_visible_ok"": ""not_applicable"", ""helper_absent_ok"": ""yes"", ""helper_visible_ok"": ""no"", ""target_absent_ok"": ""yes"", ""forbidden_object_leakage"": ""no"", ""count_reasonable"": ""not_applicable"", ""camera_view_ok"": ""yes"", ""scene_compatibility_ok"": ""yes"", ""main_failure_reason"": """", ""one_prompt_fix"": """" }"
wrong_o1_000040,wrong_helper_o1_target_absent,O1,/home/yurunze/peter_ws/m2g_learn/20260622Fourlegged_tool_aware/code/AHD-benchmark/data/generated_runs/ahd_cosmos3_raw240/images/o1/wrong_o1_000040.jpg,semantic_keep,True,high,False,success,,not_applicable,yes,no,yes,no,not_applicable,yes,yes,,,qwen3-vl:32b-instruct-q4_K_M,llm_enriched,qwen3-vl:30b-a3b-instruct-q4_K_M,,"{ ""keep"": true, ""confidence"": ""high"", ""spec_id"": ""wrong_o1_000040"", ""spec_type"": ""wrong_helper_o1_target_absent"", ""target_visible_ok"": ""not_applicable"", ""helper_absent_ok"": ""yes"", ""helper_visible_ok"": ""no"", ""target_absent_ok"": ""yes"", ""forbidden_object_leakage"": ""no"", ""count_reasonable"": ""not_applicable"", ""camera_view_ok"": ""yes"", ""scene_compatibility_ok"": ""yes"", ""main_failure_reason"": """", ""one_prompt_fix"": """" }"
